id,date,location,lat,lon,fatalities,type,trigger,state,location_accuracy,source,label,elevation,slope,aspect,slope_max_nbhd,slope_mean_nbhd,relief_nbhd,dist_to_road_m,ndvi,rain_1d,rain_3d,rain_7d,rain_15d,rain_30d,soil_moisture_surface,soil_moisture_subsurface,vv_anomaly,factor_of_safety
GLC57,2007-04-11,"Sikkim, 13 km north of Gangtok",27.4459,88.6193,0.0,landslide,downpour,Sikkim,5km,nasa_glc,1,1941,20,176,38,20.40364303616183,229,1014.0437179707756,6008.333333333333,2.2649999354034662,17.91999939735979,28.099999265745282,39.05699901282787,50.17699881270528,,,,0.8194166200326815
GLC78,2007-05-23,"Pangthang, on road b/t Gangtok and North Sikkim",27.3383,88.6069,0.0,landslide,rain,Sikkim,50km,nasa_glc,1,1499,15,268,40,21.88730848490278,254,91.64443217769026,5911.5,2.0099999345839024,8.15499977953732,23.56999932974577,81.70999799948186,119.96249721199274,,,,0.7776488575672658
GLC126,2007-07-16,Bardang near Singtam,27.1499,88.38,0.0,mudslide,rain,Sikkim,25km,nasa_glc,1,1114,27,7,48,30.424149266793076,361,264.4275771947278,4652.666666666667,27.49499968905002,88.82499847840518,150.52499745879322,240.4984954642132,424.3684908533469,,,,0.6502529605228045
GLC141,2007-07-26,Singtam,25.38,91.88,0.0,landslide,rain,Meghalaya,50km,nasa_glc,1,1302,33,86,52,33.984778918346194,391,612.0603609866272,4698.0,240.88999271392822,328.1299909129739,412.5299890190363,858.6949762441218,942.6389745250344,,,,0.6058408868937004
GLC147,2007-07-30,Lawngtlai,22.533,92.899,0.0,landslide,downpour,Mizoram,25km,nasa_glc,1,808,11,11,34,16.631528688381408,121,89.02816107066587,4785.0,8.35499978531152,53.56499856337905,104.65499701816589,339.984990471974,390.91248937975615,,,,0.9188098560839355
GLC148,2007-07-30,Saiha,22.479,92.967,0.0,landslide,downpour,Mizoram,25km,nasa_glc,1,450,24,114,44,24.224110814683627,201,55.4391057777614,5671.666666666667,8.999999707564712,28.57499918807298,71.91999818664044,403.9449886670336,486.9994865730405,,,,0.7068387710212181
GLC212,2007-08-26,National Highway No 44 at Sonarpur in Meghalaya,25.5576,91.8506,0.0,complex,rain,Meghalaya,unknown,nasa_glc,1,1687,6,14,31,8.694128486282363,56,187.6785265050116,4554.0,1.6099999248981476,33.81499891076237,123.02499692607671,175.77499573212117,401.4704905562103,,,,1.0108602112162877
GLC213,2007-08-26,Shillong Road at Kuliang in the Jaintia Hills,25.2946,92.8339,0.0,landslide,rain,Assam,unknown,nasa_glc,1,902,10,324,35,14.087728298789257,157,12304.401166804533,7668.0,30.93499904125929,90.05499733239412,111.17499680817127,152.24499581940472,323.5449908096343,,,,0.8917264854581592
GLC215,2007-08-28,Phesema area at National Highway 39,25.7428,93.9136,1.0,landslide,rain,Nagaland,50km,nasa_glc,1,473,21,346,39,17.23026076685444,157,1816.6411632224679,6801.0,13.39999969303608,53.83999868109822,83.58499782998115,139.41499646473676,222.31549458950758,,,,0.797946833385754
GLC220,2007-08-31,"Velnal village, Tamei sub-division and Toribari village (3 kilometer toward Tamei from Kangpokpi)",25.1333,93.9667,0.0,landslide,rain,Manipur,25km,nasa_glc,1,1012,3,190,33,6.883165355948451,82,208.79402671667768,6299.0,41.3849985152483,92.7449968373403,154.22999555245042,196.25499429553747,244.56699327658862,,,,0.9475905605077413
GLC247,2007-09-08,"Lower Shajouba village near Tadubi along NH 39, Manipur",25.0604,93.9877,0.0,landslide,rain,Manipur,50km,nasa_glc,1,1515,29,5,46,25.78642317926932,219,3289.791495589757,2744.5,13.899999596178532,111.39999684691429,129.85349645558745,273.7684927303344,365.7634903024882,,,,0.6769254485667469
GLC256,2007-09-10,Rhodong village near Rhey in East Sikkim,27.3425,88.6236,0.0,landslide,rain,Sikkim,10km,nasa_glc,1,2023,33,161,41,25.354437326404454,253,122.6115557680312,5359.0,9.549999795854092,52.27999847754836,138.43999687209725,312.4199937740341,495.98498961050063,,,,0.7584500378984689
GLC255,2007-09-10,Wamkhu village along the Tengnoupal-Joupi road in Chandel district,24.2451,94.0691,0.0,landslide,rain,Manipur,25km,nasa_glc,1,1291,27,109,49,26.948633641056293,303,87.32618908489975,2670.0,1.6149999406188726,36.40999926254153,178.84499647375196,253.3094945512712,412.3944910624996,,,,0.638061988961957
GLC258,2007-09-11,"NH-39 at Imphal-Moreh section, Lokchao largest event",24.4279,94.0564,3.0,landslide,rain,Manipur,50km,nasa_glc,1,894,8,350,30,15.12838497124425,126,1255.817025832009,7216.5,2.6099999314174056,13.069999701343477,139.37999675236642,176.818495628424,337.9684918448329,,,,1.0457106679945398
GLC269,2007-09-18,Geyzing-Jorethang road and Naya Bazar-Legship road,27.2872,88.2816,0.0,landslide,rain,Sikkim,50km,nasa_glc,1,562,12,140,61,31.138261756170774,205,72.47778654246703,8123.0,1.489999957382679,35.21499929204583,100.25999749265611,260.1049942225218,492.9634886030108,,,,0.5477221912318005
GLC285,2007-09-29,"National Highway, 45 Aizwal (Mizoram)",24.1293,92.6921,0.0,landslide,rain,Mizoram,50km,nasa_glc,1,837,14,59,68,16.550868714762387,176,81.9466159961316,4987.0,59.7849991992116,69.0949989380315,87.49999843072146,212.95999530982226,546.0944872768596,,,,0.551876207544227
GLC322,2007-10-21,National Highway 53 at Nungba in Tamenglong district of Manipur,24.75,93.4333,0.0,landslide,rain,Assam,25km,nasa_glc,1,473,23,138,52,29.913852917940467,336,346.10636788548646,8508.333333333334,3.874999910593033,6.614999883808196,107.23499763198197,148.35999660845846,211.74399509187788,,,,0.6058408868937004
GLC545,2008-05-20,"A Cachar District village, near village of Srinager, Assam",24.9849,92.8411,5.0,mudslide,mining,Assam,50km,nasa_glc,1,245,24,356,52,22.939969144620306,131,2413.3001027317114,7034.5,32.48499957844615,39.00999940279871,41.32499928865582,55.724998821504414,107.75849771313369,,,,0.6058408868937004
GLC580,2008-06-09,"near Kuloor church, in Manipur along National Highway",24.6596,93.9784,0.0,landslide,monsoon,Manipur,unknown,nasa_glc,1,778,1,270,7,2.5362430103584197,11,182.47599099744758,3981.5,41.21999891102314,50.02499867975712,55.59499853197485,62.790498309768736,179.25549610052258,,,,4.576026277123324
GLC585,2008-06-14,"Itanagar-Naharlagun, Arunachal Pradesh",27.0998,93.6287,21.0,landslide,rain,Arunachal Pradesh,25km,nasa_glc,1,410,5,307,21,7.683860830527502,71,79.4915422361952,2687.3333333333335,175.00499806646258,250.75499714072794,344.18999524693936,525.9639919325709,715.223986861296,,,,1.509050084785813
GLC587,2008-06-15,"Lakhimpur district, Bihpuria, Assam",27.2298,94.0989,17.0,landslide,downpour,Assam,25km,nasa_glc,1,95,0,0,5,1.690147634154271,7,152.10227312541917,5095.666666666667,49.54999929852784,186.68999701086432,253.39999576751143,376.0034933462739,575.8534889109433,,,,6.410988626744456
GLC594,2008-06-19,"Namkaoluang village, Tamenglong-Sangrung (Khongsang) road, NH-53, Manipur",24.9336,93.8275,0.0,mudslide,monsoon,Manipur,25km,nasa_glc,1,1034,15,83,28,14.064731504876015,150,1108.9171438081405,4948.0,11.43499980121851,24.134999446570873,81.35499816481024,182.30999566055834,254.16599364578724,,,,1.122946072659206
GLC692,2008-08-07,"National Highway-39, Dimapur-Imphal road and another under Kiphire district of Nagaland",25.705,94.04,0.0,landslide,downpour,Nagaland,10km,nasa_glc,1,1039,15,56,25,14.752252201079239,169,208.2275330047609,5348.0,5.254999929107726,25.994999146088958,94.50549773313105,189.35549564659595,324.3204924222082,,,,1.2620264222578241
GLC714,2008-08-14,"Kimin-Ziro road in Papum Pare district, road between Doimukh and Sagalee, Doimukh-Hoj road; Arunacha",27.163,94.0,0.0,landslide,rain,Assam,50km,nasa_glc,1,95,2,107,7,2.1743368291178276,11,78.23117517469885,3902.6666666666665,2.0549999438226223,138.78499673493207,225.44499463960528,439.2534889280796,602.2084850193933,,,,4.576026277123324
GLC731,2008-08-19,"Akuk village, Wokha District, Nagaland",26.138,94.25,4.0,mudslide,downpour,Nagaland,50km,nasa_glc,1,1001,19,244,42,17.526073324504512,145,707.2293178724608,2987.6666666666665,55.70499852858484,70.42999811749905,129.06499649770558,232.78499495517462,403.5824911054224,,,,0.7402858242480944
GLC755,2008-08-28,"Ranka, Sikkim and Louing road",27.337,88.609,0.0,landslide,downpour,Sikkim,25km,nasa_glc,1,1548,16,214,34,21.109997199663958,242,92.14312207239422,5471.0,7.4299998208880424,46.65499871689826,96.53999768104404,246.0599937522784,572.0499860616401,,,,0.9188098560839355
GLC760,2008-08-29,"Kohima, Nagaland",25.67,94.1066,0.0,complex,downpour,Nagaland,25km,nasa_glc,1,1453,11,279,25,13.577623235835556,107,16.89165195168674,3142.3333333333335,2.57999999076128,9.089999819174409,36.10499935410917,105.93499741517007,289.0509931650013,,,,1.2620264222578241
GLC870,2008-10-29,"West Kameng, Arunachal Pradesh",27.4,92.35,12.0,mudslide,downpour,Arunachal Pradesh,50km,nasa_glc,1,2609,20,303,44,26.822625964110994,273,7286.679408567666,8668.0,0.614999976940453,103.34999822732061,121.40999786555767,128.2349976748228,191.49649573117495,,,,0.7068387710212181
GLC869,2008-10-29,North Lakhimpur,27.2333,94.1167,0.0,landslide,downpour,Assam,50km,nasa_glc,1,91,3,189,7,2.2832417890371026,17,811.7052875030168,7639.5,0.004999999888241291,54.23499861266464,63.03499836381525,75.46999807935208,186.81799519900233,,,,4.576026277123324
GLC868,2008-10-29,"Kamrup, and Sonitpur, Assam",26.3333,91.25,7.0,landslide,downpour,Assam,50km,nasa_glc,1,41,1,48,5,1.7747013685626143,7,3375.4892851019194,7636.0,0.0,75.82999816630036,83.28499811049551,84.26499808207154,130.5904973540455,,,,6.410988626744456
GLC1061,2009-07-01,"4th Mile, Lower Mangshila in North Sikkim",27.478,88.527,0.0,landslide,downpour,Sikkim,1km,nasa_glc,1,768,24,198,65,29.33470912609196,245,27.811860975291946,6840.333333333333,3.2849999498575926,20.944999488070607,36.67999920155853,106.67999808955938,231.19549484178424,,,,0.5432490813184894
GLC1084,2009-08-12,"Upper Subansiri District, Arunanchal Pradesh",27.7,92.8,0.0,landslide,downpour,Arunachal Pradesh,5km,nasa_glc,1,2439,9,155,53,22.56504364521243,214,33392.4407161929,5373.5,12.814999832771719,24.244999514892697,51.11499901115894,181.33199710585177,365.37199351284653,,,,0.5965122732088496
GLC1109,2009-08-20,Lumding-Badarpur section in North Cachar Hills district,25.5215,93.1645,0.0,landslide,downpour,Assam,25km,nasa_glc,1,280,6,66,24,8.186961715683484,39,4417.2327873022205,8284.333333333334,10.534999676048756,25.65499935671687,63.19999846816063,150.98499605432153,244.37599351536483,,,,1.3160975787516667
GLC1112,2009-08-20,"NH31A, Mile 27 near Rambi",27.1761,88.5287,0.0,mudslide,downpour,Sikkim,25km,nasa_glc,1,297,7,237,50,13.120679213117693,161,41.728012029921786,5676.0,133.3749966090545,179.97999516595155,299.434992313385,409.83998968917876,724.6359832808375,,,,0.6266061999132846
GLC1108,2009-08-20,"Tamei, Tamenglong district on Imphal-Tamenglong (IT) road",24.9925,93.5,0.0,landslide,downpour,Assam,10km,nasa_glc,1,1229,3,343,23,10.367436278431827,81,332.3313040451849,4416.0,6.109999872744083,13.594999797642231,103.32499803695828,166.75999669730663,286.6664941729978,,,,1.3748505453139197
GLC1125,2009-08-26,"17th Mile towards Tsomgo Lake, near Kyongsala, Sikkim",27.3746,88.7648,0.0,landslide,rain,Sikkim,25km,nasa_glc,1,3747,5,248,46,15.926717574346108,141,228.14889347501278,438.0,10.769999671727419,75.75499852187932,224.2099957484752,365.0149921756238,531.2769881384447,,,,0.6769254485667469
GLC1127,2009-08-27,between Mahur and Phaiding railway stations on Barail hills (Mahur and Barail hills located),25.1718,93.123,0.0,landslide,downpour,Assam,10km,nasa_glc,1,716,14,290,40,18.20454804773967,149,537.5586081723673,5308.5,8.004999794065952,16.73999961372465,65.92999883834273,206.63999548740685,430.93499132432044,,,,0.7776488575672658
GLC1129,2009-08-30,"Road stretch from Gammom to Chamu village, under Kamjong block, Ukhrul district, Manipur",24.8628,94.4182,0.0,landslide,downpour,Manipur,50km,nasa_glc,1,942,28,204,39,25.28327098420109,268,7449.532283838104,6347.0,48.6699985563755,50.384998520836234,102.23499710392207,187.45999477989972,373.6449909871444,,,,0.797946833385754
GLC1168,2009-09-17,"4th Mile on road between Rongli, Rhenock and Rangpo in East Sikkim.",27.1954,88.6115,0.0,landslide,rain,Sikkim,5km,nasa_glc,1,466,6,175,44,15.469728741715917,132,50.18859035857059,4922.333333333333,3.67999991774559,11.474999830126762,32.78499929793179,119.98499704245478,478.5494877602905,,,,0.7068387710212181
GLC1222,2009-10-05,"Chhinga Veng, Aizawl",23.73478778,92.72124394,3.0,landslide,downpour,Mizoram,5km,nasa_glc,1,959,20,55,40,23.859154279383255,221,310.75935947785604,4404.333333333333,37.474999111145735,53.18499872740358,59.92699854820967,116.23199684824795,240.62699401844293,,,,0.7776488575672658
GLC1596,2010-03-27,"LangthAbal Khoupum, Imphal, Manipur",24.7339,93.9161,0.0,mudslide,downpour,Manipur,5km,nasa_glc,1,877,14,129,36,21.69166380396199,127,700.1838926170734,3468.3333333333335,0.0,0.0,0.7349999686703086,2.9149999478831887,8.668499851599336,,,,0.8662087320075671
GLC1611,2010-04-01,"Paglanala village, Dholai Block, near Dwarbandh locality of the district, Cachar district (could onl",25.1553,93.028,3.0,landslide,downpour,Assam,25km,nasa_glc,1,596,23,350,35,20.844587731811714,200,344.97662887506016,6053.0,104.86999840289354,193.62499608192593,308.6349927177653,309.81499264761806,345.6899917256087,,,,0.8917264854581592
GLC1613,2010-04-02,"Koloriang, Kuring Kumey district, Arunachal Pradesh",27.8997,93.3497,12.0,mudslide,downpour,Arunachal Pradesh,1km,nasa_glc,1,863,7,211,40,12.122763031802277,125,604.0643356465843,5849.0,8.03549975156784,18.895499549806118,45.49549894686788,57.64549869392067,94.24549788795412,,,,0.7776488575672658
GLC1755,2010-04-17,"Natl. Highway 31-A at Pani House(?), Gangtok",27.3341,88.6083,0.0,landslide,downpour,Sikkim,5km,nasa_glc,1,1458,21,260,57,24.812570007616817,271,35.99852694438065,5365.0,1.664999971166253,5.76999981328845,25.734999355860054,38.16999915521592,72.03949836548418,,,,0.5662052295584376
GLC1756,2010-04-17,"Nam Nang, Gangtok",27.322,88.6087,0.0,landslide,downpour,Sikkim,1km,nasa_glc,1,1500,33,269,52,27.543155395264446,304,57.08670749094998,5103.5,1.664999971166253,5.76999981328845,25.734999355860054,38.16999915521592,72.03949836548418,,,,0.6058408868937004
GLC1771,2010-04-20,"Raj Bhavan Guwahati, Assam",26.1978,91.7665,0.0,landslide,downpour,Assam,exact,nasa_glc,1,78,13,106,33,11.133023371569491,64,1446.9614163459944,3809.5,69.74999880231917,195.5749963428825,275.48499449156225,291.1149941040203,491.0804890124127,,,,0.9475905605077413
GLC1770,2010-04-20,"Kharghuli, Guwahati, Assam",26.1965,91.763,0.0,landslide,downpour,Assam,1km,nasa_glc,1,92,2,180,25,9.815217514284106,58,1267.3915726917887,3579.0,69.74999880231917,195.5749963428825,275.48499449156225,291.1149941040203,491.0804890124127,,,,1.2620264222578241
GLC1775,2010-04-21,Arunachal Pradesh,27.8965,96.1779,12.0,landslide,downpour,Arunachal Pradesh,unknown,nasa_glc,1,203,4,276,14,5.118677498077762,25,2208.2838857191455,4090.0,54.109998994506896,86.97499789483845,114.94499720446765,250.8499939898029,487.2649892475456,,,,2.278369109567298
GLC1857,2010-05-11,"National highway 44 at Sunapur and Tongseng in Jaintia Hills district, eastern Meghalaya",25.3433,92.2897,0.0,landslide,downpour,Meghalaya,25km,nasa_glc,1,1205,2,140,12,3.8065449739067017,23,2606.403953325758,3560.0,0.07499999552965164,21.40999985858798,67.11499865166843,218.23099527414888,996.2709742151201,,,,2.662004208874474
GLC1930,2010-05-31,"Anini-Roing road,  Dibang Valley,  Arunachal Pradesh",28.4298,95.8776,0.0,landslide,downpour,Arunachal Pradesh,50km,nasa_glc,1,487,27,300,39,16.406427074439183,162,219.38176396178977,7253.333333333333,5.409999907016754,11.199999799951911,50.919999247416854,148.1499966578558,443.24248947016895,,,,0.797946833385754
GLC1929,2010-05-31,"North Sikkiim Highway, periphery of Gangtok, Sikkim East district",27.3543,88.6428,0.0,landslide,downpour,Sikkim,5km,nasa_glc,1,2135,19,74,42,25.07510049604176,285,54.77342178022943,4711.666666666667,3.7299998700618744,6.239999793469906,47.38999904040247,125.36999694630504,210.98299517389387,,,,0.7402858242480944
GLC1935,2010-06-03,"atharamura hills, Highway 44, Tripura",23.8986,91.7599,0.0,landslide,downpour,Tripura,5km,nasa_glc,1,203,17,34,39,18.344883233049785,126,40.0362512923927,4740.0,29.779999445192516,71.98649869393557,178.74649544339627,405.9314902033657,466.4564886428416,,,,0.797946833385754
GLC1934,2010-06-03,Rongpur village under Bhairabhnagar panchayat in Karimganj district,24.6005,92.3814,2.0,landslide,downpour,Assam,25km,nasa_glc,1,91,16,320,22,11.663984226333769,56,626.6600629436649,5137.0,121.53999723866582,180.35199673753232,209.04199592769146,430.306990779005,695.7719844775274,,,,1.4389171473241251
GLC1954,2010-06-07,"Irang(?) and Barak(?) and Makru(?) on highway 53 between Imphal and Jiribam, Manipur",24.7543,93.5039,0.0,landslide,rain,Manipur,50km,nasa_glc,1,402,15,33,51,23.072077230512,226,3241.345142253236,6039.0,80.2999990619719,128.75499795004725,229.62199573032558,332.056993749924,581.1519878990948,,,,0.6158697182021489
GLC1961,2010-06-09,"Ishok Chingphu(?), Bishnupur, Assam",25.8833,91.2,0.0,landslide,downpour,Meghalaya,50km,nasa_glc,1,247,18,123,30,12.790662855587318,122,7438.390945474462,6766.0,33.48999944888055,70.09999882616103,312.31999305076897,489.88598916027695,870.490979381837,,,,1.0457106679945398
GLC1994,2010-06-16,"rails between Jatinga and Longrangjao(?), Assam",25.0633,92.8025,0.0,landslide,downpour,Assam,25km,nasa_glc,1,95,14,135,55,13.878780264961177,153,305.65588229381666,3776.3333333333335,30.179999351501465,55.85499869752675,138.33499747980386,590.7459858786315,792.5409811800346,,,,0.5799475888331223
GLC1996,2010-06-17,"Shayoung Ward(?), Longleng, Nagaland",26.4333,94.8833,0.0,landslide,downpour,Nagaland,25km,nasa_glc,1,548,18,314,43,20.54154342868755,190,1646.9417169453452,7923.666666666667,12.289999686181545,85.22999789658934,127.98999689985067,198.16999532934278,328.4254924589768,,,,0.7230989553986906
GLC2025,2010-06-28,"Police CID complex(?), Shillong, Meghalaya",25.5728,91.885,1.0,landslide,downpour,Meghalaya,5km,nasa_glc,1,1509,6,0,11,4.970420324796432,32,4.237956354731544,3787.3333333333335,121.41999740153551,247.7149948552251,316.81499387696385,495.6249896651134,908.6564795915037,,,,2.9059179354143505
GLC2026,2010-06-28,"Borsorsa(?), West Khasi Hills, Meghalaya",25.4916,91.2698,0.0,landslide,downpour,Meghalaya,50km,nasa_glc,1,1498,6,185,15,6.612507824503501,48,1756.2551643249828,3600.3333333333335,98.75999743212014,145.17999639175832,289.2799930088222,479.2199897142127,1013.0594756742939,,,,2.1247633730766076
GLC2045,2010-07-06,"Tuensang, Nagaland",26.2363,94.8133,0.0,mudslide,monsoon,Nagaland,5km,nasa_glc,1,1565,10,36,34,13.855485315571038,133,127.43447862518548,2153.0,22.06499968562275,38.424999207258224,87.96849763393402,246.24349395744503,460.24348885845393,,,,0.9188098560839355
GLC2044,2010-07-06,"Kiphire,  Nagaland",25.8877,94.7861,0.0,mudslide,monsoon,Nagaland,5km,nasa_glc,1,1164,12,17,32,16.58504327310262,111,36.49326830878206,4399.5,2.6299998685717583,16.224999570287764,63.97449897043407,147.85449722781777,267.21449479833245,,,,0.9782176467120023
GLC2042,2010-07-06,"Zunheboto, Nagaland",26.0093,94.5238,0.0,mudslide,monsoon,Nagaland,5km,nasa_glc,1,1830,12,135,31,14.976304337971989,125,18.37384542117274,2142.0,20.51999944448471,38.32999906595796,108.74049728550017,267.7604936826974,463.59048882778734,,,,1.0108602112162877
GLC2098,2010-07-19,"Jahjon ward(?), Mon town, Nagaland",26.7215,95.0283,0.0,landslide,downpour,Nagaland,5km,nasa_glc,1,718,8,352,27,11.813033490236712,94,152.54143969155882,3062.0,24.254999396391213,35.62999914307147,136.47499710228294,200.96999565698206,475.8804882671684,,,,1.1658725021419152
GLC2106,2010-07-20,"road to Oting near Longlam village, 13 km from Tizit subdivision, Mon district, Nagaland",26.8716,94.9921,0.0,landslide,downpour,Nagaland,25km,nasa_glc,1,287,10,118,23,11.016285216217728,125,5749.007332202854,7632.333333333333,9.939999513328075,51.314998587593436,81.72999808564782,173.82999645359814,403.47299155127257,,,,1.3748505453139197
GLC2113,2010-07-21,"Singtam-Mangan rd, Sikkim",27.3773,88.559,0.0,landslide,downpour,Sikkim,25km,nasa_glc,1,1488,31,269,46,25.505838754100544,302,1282.6969015348072,2978.5,10.399999730288982,59.74999868310988,88.32999784778804,278.89499412756413,567.1539869457483,,,,0.6769254485667469
GLC2112,2010-07-21,"Zang(?), east Sikkim",27.5509,88.6475,0.0,landslide,downpour,Sikkim,unknown,nasa_glc,1,1420,46,199,62,36.15082212758346,384,6680.887536855051,6034.5,9.434999860823154,31.039999361149967,39.679999134503305,172.21999591588974,323.81049236655235,,,,0.5451583819451533
GLC2140,2010-07-25,"road between Halfong and Redzol(?) or Silchar, Assam",25.0477,92.801,0.0,landslide,downpour,Assam,25km,nasa_glc,1,190,29,72,48,24.779007481011917,218,188.9680094420168,3952.0,9.699999728240073,28.989999265410006,85.0949979647994,151.87999698147178,291.2959940424189,,,,0.6502529605228045
GLC2164,2010-07-29,"Chingai-Kuingai(Quingai) route (16 kms), Chingai subdivision, Ukhrul district, Manipur",25.3098633,94.48214677,0.0,landslide,downpour,Manipur,25km,nasa_glc,1,1511,31,164,42,24.18992795914644,249,81.7952554213517,5036.333333333333,13.284999743103981,14.949999704957008,68.01999878231436,153.8699969816953,220.6429956862703,,,,0.7402858242480944
GLC2166,2010-07-29,"Highway 53 at Tupul, Tamenglong district",24.9786,93.5027,0.0,landslide,downpour,Assam,10km,nasa_glc,1,1301,16,297,26,15.434302106309794,172,48.813252032065314,2426.6666666666665,58.44999826326966,63.44499820098281,92.36999749392271,182.37999520730227,308.1044926121831,,,,1.2121029133401509
GLC2182,2010-07-31,Dimapur-Imphal highway (NH 39) near Manipur,24.9356,93.8443,0.0,landslide,rain,Manipur,25km,nasa_glc,1,855,1,90,7,2.653975440762846,24,44.05375048892261,4796.666666666667,20.359999467618763,79.7049978422001,99.02999737951905,199.87499528191984,373.6404910525307,,,,4.576026277123324
GLC2205,2010-08-06,"Dawrpui Vengthar cemetary, Aizwal, Mizoram",23.7365,92.7146,0.0,landslide,downpour,Mizoram,1km,nasa_glc,1,1019,30,254,60,21.32236545985435,193,226.60771931481648,2572.0,28.279999814927578,101.54499781131744,148.6009961394593,333.3759912699461,421.1209889855236,,,,0.5511492644857678
GLC2243,2010-08-13,"NH-39 near Kohima Municipality Council(KMC) dumping ground, between Zubza(Sechu) and Kohima, Nagalan",25.70223725,94.04619681,0.0,landslide,downpour,Nagaland,5km,nasa_glc,1,1026,15,61,26,14.859995910299236,152,68.59022975449454,4796.0,23.9599995194003,39.29499917291105,54.44499876815826,128.36849703080952,305.8934932099655,,,,1.2121029133401509
GLC2249,2010-08-14,"Kiphire-Tuensang rd, Nagaland",26.0814,94.803,0.0,landslide,downpour,Nagaland,25km,nasa_glc,1,991,39,11,58,28.132506653077414,305,6583.361557134471,7624.666666666667,24.589999498799443,30.799999298527837,43.53499907068908,115.41049728449434,326.100493225269,,,,0.5604232393816504
GLC2248,2010-08-14,"Noklak-Tuensang road, Nagaland",26.222,94.9152,0.0,landslide,downpour,Nagaland,25km,nasa_glc,1,1750,27,334,41,26.794075062778536,303,759.2774075002386,4256.666666666667,51.804998714476824,61.42499840632081,100.90999765042216,219.23899362888187,391.18898904696107,,,,0.7584500378984689
GLC2253,2010-08-15,"Chingai-Kuingai(Quingai) route (16 kms), Chingai subdivision, Ukhrul district, Manipur",25.31006064,94.48265093,0.0,landslide,downpour,Manipur,25km,nasa_glc,1,1570,25,128,40,24.30735210304343,247,76.7057941547261,4699.666666666667,8.17999972961843,27.55499936453998,42.889998853206635,87.12799752689898,234.3829948231578,,,,0.7776488575672658
GLC2282,2010-08-19,"Tuensang-Kohima rd, 3 km outside Tuensang, Nagaland",26.1984,94.8158,0.0,landslide,downpour,Nagaland,1km,nasa_glc,1,1866,21,341,46,27.42621689799887,311,79.58966470141695,3452.3333333333335,31.97499900031835,51.824998231604695,154.7299960134551,204.30499487370253,415.9264901597053,,,,0.6769254485667469
GLC2283,2010-08-19,"2 km from Khongsang village(?), road between Tamenglong and Imphal or Nungba, Manipur",24.8961,93.4957,0.0,mudslide,downpour,Manipur,5km,nasa_glc,1,1021,37,78,68,40.59746334545619,469,715.6938852746816,3280.3333333333335,3.8599998699501157,38.594998926855624,159.19499641284347,175.16999590862542,344.57849216926843,,,,0.551876207544227
GLC2281,2010-08-19,"Kisima, Nagaland",25.61560252,94.11603493,0.0,landslide,downpour,Nagaland,5km,nasa_glc,1,1646,23,105,43,18.727297533910154,201,102.22606638066401,3662.3333333333335,8.819999823346734,14.484999652951956,59.65999821387231,106.30999734438956,310.4114923402667,,,,0.7230989553986906
GLC2296,2010-08-20,"many locations around Namchi, Sikkim",27.167,88.3652,0.0,complex,downpour,Sikkim,10km,nasa_glc,1,1492,24,180,41,20.74952048725227,221,61.40832776906361,3781.3333333333335,23.809999299235642,118.1399970697239,155.50999609008431,284.729993166402,532.0859871795401,,,,0.7584500378984689
GLC2304,2010-08-21,"NH 39 at Kigwema(?), between Mao Gate and Kohima, Nagaland",25.5718,94.1211,0.0,landslide,downpour,Nagaland,10km,nasa_glc,1,1630,17,3,57,30.726612077789145,254,21.371624631490217,4679.0,22.26999944821,46.93499880377203,103.15999683458358,163.17499543447047,350.26399157755077,,,,0.5662052295584376
GLC2344,2010-08-27,"NH-53 at Nungba police station, Kambirong(?), Manipur",24.7505,93.4221,0.0,landslide,downpour,Assam,5km,nasa_glc,1,779,11,339,29,14.42987347569703,112,355.00259265384983,6796.5,7.879999741911888,20.204999622888863,54.45999896340072,212.43499515298754,341.06249165255576,,,,1.0829887013239492
GLC2343,2010-08-27,"NH-39 at Ekai village(?), 2 km for Tadubi, Manipur",25.4786,94.1327,0.0,landslide,downpour,Nagaland,5km,nasa_glc,1,1760,10,85,28,16.738417757541256,131,253.43129961949262,7137.5,4.9599998369812965,16.10999966878444,52.694998876191676,141.67499691527337,293.19149385020137,,,,1.122946072659206
GLC2345,2010-08-27,"Daragaon(?), Gangtok city, Sikkim",27.3392,88.6188,0.0,landslide,downpour,Sikkim,5km,nasa_glc,1,1890,20,170,45,20.919685057007815,225,367.5472080170717,4466.5,4.2699998915195465,28.794999483972788,107.33999759610742,298.7049949420616,583.7899894649163,,,,0.691460633906725
GLC2392,2010-09-04,"17th mile(?), Jawaharlal Nehru Marg hwy, between Gangtok and Nathu La, Sikkim",27.3702,88.7334,0.0,landslide,downpour,Sikkim,10km,nasa_glc,1,3516,8,283,46,21.758654276757724,239,368.81877645876835,3275.3333333333335,7.554999843239784,27.15949937980622,75.19449799600989,198.83449475932866,465.72448798362166,,,,0.6769254485667469
GLC2405,2010-09-09,"Mossing(Mosing) village(?), Upper Siang district, Arunachal Pradesh",28.3036,95.4112,10.0,landslide,downpour,Arunachal Pradesh,unknown,nasa_glc,1,1800,42,83,63,38.95100346328034,477,14063.756523145046,2286.0,77.6899986565113,113.09499800764024,208.92999528814107,273.30299388524145,405.36299100425094,,,,0.5435121924057005
GLC2411,2010-09-10,"districts Lakhimpur, Dhemaji, Golaghat, and Sonitpur, Assam province",27.0011,93.7273,0.0,landslide,downpour,Arunachal Pradesh,unknown,nasa_glc,1,106,1,66,8,3.215990024489428,16,9135.05249435696,4352.5,73.11999871209264,94.12999810930341,148.39999674074352,325.8354917867109,723.8354820115492,,,,4.002257415604474
GLC2424,2010-09-13,"near Tuivawl(?), Aizawl-Champhai rd, Aizawl district, Mizoram",23.591,92.9296,0.0,landslide,downpour,Mizoram,25km,nasa_glc,1,787,18,231,36,18.070362325538408,200,6657.632530893231,4386.0,10.854999672621489,25.554999394342303,122.41499679535627,252.97549377568066,393.5654903743416,,,,0.8662087320075671
GLC2421,2010-09-13,"road to Muanna Godown, Zuangtui, Mizoram",23.75406693,92.74128531,0.0,landslide,downpour,Mizoram,1km,nasa_glc,1,972,22,81,32,21.447838530246738,234,737.2891991996369,3214.0,12.904999625869095,20.33499943651259,81.98999802488834,191.01649493165314,352.50149106420577,,,,0.9782176467120023
GLC2422,2010-09-13,"Hunthar Veng, Mizoram",23.74182634,92.7141905,0.0,landslide,downpour,Mizoram,1km,nasa_glc,1,948,26,280,60,26.351400941654354,303,111.77149160132524,2463.5,12.904999625869095,20.33499943651259,81.98999802488834,191.01649493165314,352.50149106420577,,,,0.5511492644857678
GLC2426,2010-09-13,"Hual(Hu) village(?), Lunglei-Lawngtlai rd, Mizoram",22.7176,92.8416,0.0,landslide,downpour,Mizoram,25km,nasa_glc,1,728,16,78,52,21.525266622471875,175,285.5707103002315,5901.0,39.84999862499535,48.66999836731702,85.44499744288623,152.7004959192127,333.79049186687917,,,,0.6058408868937004
GLC2423,2010-09-13,"road to Kanan Veng from Hunthar Veng, Mizoram",23.73504471,92.71060943,0.0,landslide,downpour,Mizoram,1km,nasa_glc,1,943,23,89,35,18.611061099185193,142,508.575966433077,1892.0,12.904999625869095,20.33499943651259,81.98999802488834,191.01649493165314,352.50149106420577,,,,0.8917264854581592
GLC2425,2010-09-13,"near Tuichang(?) on Tuichang river, Aizawl-Champhai rd, Mizoram",23.3439,93.0748,0.0,landslide,downpour,Mizoram,25km,nasa_glc,1,1335,35,111,48,26.77806205140079,289,2309.158067425783,5217.5,16.90499966405332,26.394999445416033,111.18499714601785,202.76649482455105,340.79149130079895,,,,0.6502529605228045
GLC2436,2010-09-16,"Taithu village, Churanchandpur district, Mizoram, Manipur",24.3069,93.125,0.0,landslide,downpour,Mizoram,5km,nasa_glc,1,741,27,18,55,28.51417934457876,288,3.104391511211107,3399.0,34.71999902930111,98.26999677252024,148.98499588295817,320.2474903455004,483.0274872779846,,,,0.5799475888331223
GLC2437,2010-09-16,"Aizawl-Lengpui rd 3km from Aizawl, Mizoram, Manipur",23.7527,92.694,0.0,landslide,downpour,Mizoram,5km,nasa_glc,1,795,24,48,50,26.276000553939884,243,124.18297437106378,5668.666666666667,19.11499986052513,88.3949982887134,120.4599977619946,263.2959939967841,430.8309903508052,,,,0.6266061999132846
GLC2566,2010-10-08,"Sahong, Tabu and Pani village under Tadubi police station of Senapati district, NH-39",25.4769,94.1351,0.0,mudslide,downpour,Nagaland,5km,nasa_glc,1,1694,20,101,29,17.943739400630545,195,58.26882461220374,7848.666666666667,35.71499918028712,97.484997889027,99.19199786148965,133.19199712760746,277.28199371974915,,,,1.0829887013239492
GLC2567,2010-10-08,"Phek, Manipur",25.6633,94.4703,0.0,complex,downpour,Manipur,5km,nasa_glc,1,1456,6,341,36,14.267686467934224,127,60.350230944082135,6320.0,34.079999309033155,86.3249978478998,101.16899761371315,122.82899718079716,304.63399295229465,,,,0.8662087320075671
GLC2570,2010-10-08,"Tharon(?) and Langol Tarung villages, Thangmeiband constituency, Imphal, Manipur",24.837,93.9128,0.0,landslide,downpour,Manipur,5km,nasa_glc,1,803,13,194,32,8.078273407639674,64,2763.7872388564742,4559.0,49.149998873472214,92.66499787475914,93.39049786236137,132.2354968925938,313.71049227006733,,,,0.9782176467120023
GLC2569,2010-10-08,"Bungte Chiru village(?), Senapati district, Manipur",25.2745,94.0212,0.0,landslide,downpour,Nagaland,5km,nasa_glc,1,1072,10,157,25,10.608818096823477,79,496.40841912546733,6322.0,30.599999415688217,96.40999769233167,105.29649742040783,140.2964967554435,302.8164938688278,,,,1.2620264222578241
GLC2568,2010-10-08,"Nungba, Tamenglong, Manipur",24.7679,93.4108,0.0,landslide,downpour,Assam,25km,nasa_glc,1,506,23,286,43,23.96725740715299,239,1413.408346021648,8455.666666666666,43.214998975396156,80.01499844901264,80.32899845577776,116.52899757120758,282.3389928806573,,,,0.7230989553986906
GLC2578,2010-10-09,"NH-39 in Karong area, Manipur",25.3179,94.0462,0.0,landslide,downpour,Nagaland,5km,nasa_glc,1,995,7,256,32,14.674727904723916,130,151.2524714497707,7823.0,72.60499925352633,169.83499727211893,173.85999717842788,205.91049662418664,356.7904943013564,,,,0.9782176467120023
GLC2575,2010-10-09,"road between Haflong and Lanka, Assam",25.5242,92.9914,0.0,landslide,downpour,Assam,50km,nasa_glc,1,159,19,42,42,18.314235656833404,98,1362.2351751625379,8873.0,103.8249989002943,152.10499767959118,158.1249975953251,187.60799688007683,501.4729902641848,,,,0.7402858242480944
GLC2577,2010-10-09,"NH-39 near Khongnem(?) village, between Imphal and Dimapur, Manipur",25.5265,93.8673,0.0,landslide,downpour,Nagaland,50km,nasa_glc,1,1349,17,249,48,26.765181080681327,277,413.84296027271546,9181.5,110.78499714750797,175.05999576020986,180.9449957376346,220.30349477101117,420.993489921093,,,,0.6502529605228045
GLC2576,2010-10-09,"NH-39 at Tobio village(?), 7 km form Tadubi, Manipur",25.4788,94.1399,0.0,landslide,downpour,Nagaland,10km,nasa_glc,1,1656,13,145,26,15.580326450702287,173,232.9782613939265,8317.5,77.4899980314076,171.73999593406916,175.4699959140271,209.81699517183006,354.33699175715446,,,,1.2121029133401509
GLC2579,2010-10-09,"Lower Pezielietsie(Tinpati), Kohima, Manipur",25.682,94.1076,0.0,landslide,downpour,Nagaland,1km,nasa_glc,1,1447,11,298,28,14.356644469192481,151,21.268908869508593,3388.0,90.08499814383686,182.95999564230442,192.34499541390687,236.54899410437793,411.1489894017577,,,,1.122946072659206
GLC2587,2010-10-10,"Lower Chandmari area, PWD department, Kohima, Manipur",25.6623,94.1072,0.0,landslide,downpour,Nagaland,1km,nasa_glc,1,1394,13,70,25,13.972633875806897,136,170.30619171246983,4106.5,0.28499999456107616,122.47499724291265,190.5199954463169,235.7189941490069,399.93398979119956,,,,1.2620264222578241
GLC2743,2010-11-22,"Tawang Monastery, Arunachal Pradesh",27.5798729,91.85672387,0.0,landslide,unknown,Arunachal Pradesh,1km,nasa_glc,1,2741,27,259,43,24.655558535604133,306,776.9555391241868,4554.333333333333,1.8999999314546585,5.189999850466847,6.884999825619161,20.039999483153224,41.732998999767005,,,,0.7230989553986906
GLC3269,2011-03-22,"road from other districts to Hawai(Tawai?) which is  on Lojit river, near Hayuliang,  Anjaw district",28.0791,96.5242,0.0,landslide,downpour,Arunachal Pradesh,10km,nasa_glc,1,540,20,166,35,10.234134620732615,96,53.915810851377074,4139.5,95.85999866388738,259.45499572344124,297.8999949004501,368.7099932357669,415.1859921682626,,,,0.8917264854581592
GLC3525,2011-05-22,"Kaiphundai(?)-Tousem(in Assam) road, Tamenglong district, Manipur",25.0672,93.4093,0.0,landslide,downpour,Assam,25km,nasa_glc,1,455,16,230,44,22.598049515804853,199,12644.956316476982,8381.5,67.49999840185046,125.78499753121287,136.03999729640782,156.1999968122691,274.8484949693084,,,,0.7068387710212181
GLC3532,2011-05-24,"Silchar-Haflong rd., at Reko(Rekha )(?), near Harangajao, Barail Hills, Assam",25.0888,92.8551,0.0,complex,downpour,Assam,10km,nasa_glc,1,294,17,357,29,15.786748418624827,117,2062.623489625779,8006.0,38.3899989919737,75.93499808106571,129.61999693512917,160.70499621611089,262.3109937943518,,,,1.0829887013239492
GLC3560,2011-05-31,"Gaoilung(Gadailong) village(?), Ward 4(?), Tamenglong, Manipur",24.8286,93.5935,2.0,landslide,downpour,Manipur,50km,nasa_glc,1,758,33,202,50,33.68048149758565,391,2274.8962894290185,8378.333333333334,44.26999913994223,62.659998341463506,76.92499803937972,228.3549943258986,309.4974934505299,,,,0.6266061999132846
GLC3556,2011-05-31,"Roads between Tamei(Tamma?), Kangpokpi and Chalwa, Manipur",25.1555,93.8474,0.0,landslide,continuous_rain,Manipur,25km,nasa_glc,1,1426,39,181,69,34.06719313461451,320,5958.142752769831,6934.333333333333,33.109999601729214,45.89499927777797,64.41999893262982,218.79499509185553,293.00599339976907,,,,0.5576933202704221
GLC3633,2011-06-20,Mokokchung,26.3186,94.5121,0.0,landslide,downpour,Nagaland,5km,nasa_glc,1,1250,5,132,36,17.536552565855647,196,50.46632511642779,5369.5,0.839999976567924,13.069999699480832,122.38999715168029,182.33999564126134,280.4074933733791,,,,0.8662087320075671
GLC3637,2011-06-21,"Lasumi village in Phek district, Kohima",25.51614662,94.2341227,0.0,landslide,rain,Nagaland,1km,nasa_glc,1,1668,24,277,40,19.81283635412043,250,2054.4394828079803,4188.0,2.619999942369759,5.664999842643738,66.66499846149236,186.1199954058975,294.36999338679016,,,,0.7776488575672658
GLC3663,2011-06-28,"Ruzapfu valley, Kikruma Village, Phek District, Nagaland",25.6682,94.1099,0.0,landslide,downpour,Nagaland,50km,nasa_glc,1,1437,2,164,30,14.185303877448973,118,100.22380436792324,3033.0,50.80499895662069,80.39499808475375,125.9649970754981,216.31499492097646,359.76649130601436,,,,1.0457106679945398
GLC3662,2011-06-28,"Ikou-Gangpijang road, near: Ikou, Saikul, and Gangpijang; Imphal India",25.03561729,94.0144205,0.0,landslide,rain,Manipur,25km,nasa_glc,1,854,28,127,43,17.199179700442144,112,74.32206235884398,3442.6666666666665,23.879999339580536,45.42999867349863,77.84499793313444,111.85499710496515,351.24599186796695,,,,0.7230989553986906
GLC3672,2011-06-29,"Portions of NH 39, Connectin Manipur with Assam via Nagaland",25.5125,93.3613,0.0,landslide,downpour,Assam,unknown,nasa_glc,1,317,8,223,45,17.127214592128162,131,4808.967148921138,7155.0,5.404999891296029,63.074998615309596,80.6899980455637,194.68499494437128,322.3609916148707,,,,0.691460633906725
GLC3683,2011-07-01,NH-61 between Botsa and Chiechama,25.8782,94.1739,0.0,landslide,downpour,Nagaland,10km,nasa_glc,1,1351,17,45,37,19.596322261548245,194,304.71493561550704,5106.666666666667,3.4899999629706144,12.484999686479568,108.33499787561595,188.5599959809333,357.66799202002585,,,,0.8421399415384938
GLC3738,2011-07-06,"National Highway 53, Sinam Khul (near Kotlen; ~25 km from Imphal)",24.8063,93.9482,6.0,landslide,downpour,Manipur,50km,nasa_glc,1,783,1,246,8,2.436319108272965,13,151.5130859690411,1697.5,25.969999335706234,84.28999788593501,124.78699701000005,264.12699426338077,518.5269878190011,,,,4.002257415604474
GLC3741,2011-07-07,Maram (80 km north of Imphal),25.4191,94.1079,0.0,landslide,rain,Nagaland,5km,nasa_glc,1,1394,10,62,28,15.92650625733059,141,79.24497552016007,3057.5,0.004999999888241291,9.27499966043979,114.74749721493572,220.8524948619306,447.4174898006022,,,,1.122946072659206
GLC3760,2011-07-11,"NH-61, 1 km before reaching Botsa",25.6703,94.1095,0.0,landslide,downpour,Nagaland,25km,nasa_glc,1,1443,20,85,27,13.72778200743157,125,17.385381076771104,1844.0,1.5049999933689833,6.39499983843416,26.549999290145934,218.06499435938895,395.27999015524983,,,,1.1658725021419152
GLC3776,2011-07-15,Itanagar/Naharlagur/Nirjuli,27.125,93.7145,0.0,landslide,downpour,Arunachal Pradesh,5km,nasa_glc,1,134,3,29,14,3.6077043054791886,19,551.3012865568833,3026.3333333333335,116.91999841667712,147.59999770484865,161.15499721094966,326.76549344789237,706.6804853603244,,,,2.278369109567298
GLC3789,2011-07-16,Mebua (8 km from Seppa),27.2743,92.9064,0.0,landslide,downpour,Arunachal Pradesh,10km,nasa_glc,1,647,16,262,45,24.16202344397876,189,444.49735192994154,4406.666666666667,25.78499928303063,99.4899977967143,108.7949976446107,241.0814936729148,586.2564866961911,,,,0.691460633906725
GLC3806,2011-07-19,"Itanagar (one near Pachali power house, one near Heema Hospital, and one nearRomik Colony at P Secto",27.1032,93.6884,3.0,landslide,downpour,Arunachal Pradesh,10km,nasa_glc,1,147,3,24,12,3.469459438228727,23,166.88455731780408,3266.0,48.38499886728823,85.434997969307,261.0199945066124,303.8449933733791,796.5654795179144,,,,2.662004208874474
GLC3805,2011-07-19,200 meters from Teesta Bridge towards Siliguri,27.05374234,88.42572376,0.0,landslide,rain,Sikkim,1km,nasa_glc,1,237,27,76,58,26.714746072916313,194,31.754739216459754,6610.0,31.81499928701669,154.09999508038163,281.1049924856052,403.87498991843313,791.1649823142216,,,,0.5604232393816504
GLC3830,2011-07-22,Manipur,24.3527,94.3429,0.0,landslide,downpour,Manipur,10km,nasa_glc,1,285,19,90,32,16.591976201961725,131,2267.3858837194234,7450.5,4.0299998903647065,72.41499883681536,192.35499649867415,356.20499323122203,569.7749877274036,,,,0.9782176467120023
GLC3837,2011-07-24,NH 37,26.5836,93.0038,0.0,landslide,downpour,Assam,50km,nasa_glc,1,73,2,323,12,2.408612213602741,13,533.6987262682751,3762.0,4.899999809451401,39.06499920319766,105.6949976766482,239.17499420419335,429.68149006925523,,,,2.662004208874474
GLC3840,2011-07-25,Manipur,24.6869,93.9157,0.0,landslide,downpour,Manipur,50km,nasa_glc,1,780,2,301,9,2.820016724515161,13,1389.37107500071,-265.0,6.35499981045723,46.14499897044152,111.0649970266968,241.5849943291396,472.5369895240292,,,,3.5557939043574724
GLC3860,2011-07-29,"Maram, Manipur",25.4192,94.108,0.0,landslide,rain,Nagaland,10km,nasa_glc,1,1394,10,62,28,15.852012115967106,149,80.89676981359123,4512.0,2.5299999276176095,7.5049998620525,59.51999872457236,143.91999670583755,287.2774929087609,,,,1.122946072659206
GLC3881,2011-08-05,Itanagar,27.1034,93.6885,0.0,landslide,downpour,Arunachal Pradesh,5km,nasa_glc,1,147,3,24,12,3.4253745581056054,23,187.09332050086596,3580.6666666666665,73.00999808404595,119.4399973731488,167.662996227853,421.22799090016633,784.812981851399,,,,2.662004208874474
GLC3912,2011-08-12,East Kameng district in Arunachal Pradesh bordering China,27.44,92.2833,0.0,landslide,rain,Arunachal Pradesh,50km,nasa_glc,1,2615,11,287,45,22.816046813462233,230,8459.58617851055,2087.0,4.3899998888373375,17.119999615475535,94.66499801073223,174.9774965783581,475.74248965550214,,,,0.691460633906725
GLC3916,2011-08-13,"Chumukedima, Dimapur",25.7713,93.8067,0.0,mudslide,downpour,Assam,10km,nasa_glc,1,242,3,9,43,14.579910075618226,101,112.72885626084185,7884.5,20.26499941200018,29.03499931190163,137.26499692350626,195.82299554347992,434.69798914995044,,,,0.7230989553986906
GLC3925,2011-08-15,"East Kameng, Arunachal Pradesh",27.4888,93.0153,0.0,landslide,downpour,Arunachal Pradesh,50km,nasa_glc,1,543,32,326,43,25.754208377607508,225,1751.9140527410088,6226.0,42.504998818039894,92.03999819234014,144.31499683856964,328.58999294787645,568.2749873856083,,,,0.7230989553986906
GLC3965,2011-09-06,NH 37 at Awang Khul,24.808,93.117,3.0,landslide,rain,Assam,1km,nasa_glc,1,40,4,29,12,3.5465387785001368,23,48.55136849111625,6248.333333333333,62.434998735785484,65.13999867811799,69.60249851737171,217.1324952756986,426.03749111667275,,,,2.662004208874474
GLC3983,2011-09-23,"Maighuli, Guwahati, Meghalaya",26.1548,91.7351,4.0,landslide,downpour,Assam,unknown,nasa_glc,1,58,2,107,5,1.8817510978315002,12,367.7953553406617,5002.5,9.340000055730343,40.74999921396375,104.16499746032059,182.15499521698803,352.22099103219807,,,,6.410988626744456
GLC4241,2012-03-04,Tamei constituency in Tamenlong district,25.1604,93.6795,0.0,landslide,unknown,Manipur,25km,nasa_glc,1,1087,19,324,37,18.43210552740883,169,258.77619760953235,6082.5,0.0,0.4394999919459224,8.159499808214605,8.159499808214605,8.429499797523022,,,,0.8421399415384938
GLC4313,2012-04-08,"Endulin Nallah, Mayodia, 17-camp, 83-camp",28.4659,95.86,0.0,landslide,downpour,Arunachal Pradesh,50km,nasa_glc,1,1055,33,38,56,29.80902612300087,295,538.4227704164022,8346.0,41.324998466297984,65.35499821044505,69.34249806217849,191.4574953271076,213.83749469928443,,,,0.572718777640601
GLC4377,2012-06-02,"Guwahati, Assam",26.1475,91.7356,0.0,landslide,downpour,Assam,5km,nasa_glc,1,53,1,180,6,1.74496667081631,8,521.0077993658665,3961.5,10.005499761551619,44.53049958869815,95.51049838680774,117.03549789916724,210.62049697339535,,,,5.3407479216104505
GLC4378,2012-06-02,"Arunachal Pradesh, Dibang,",28.8254,96.1517,0.0,landslide,downpour,Arunachal Pradesh,50km,nasa_glc,1,3614,23,81,41,23.035060588319762,278,23895.211610392613,2512.0,7.311499921604991,22.061499489471316,23.71149946562946,35.42649914138019,108.54649737942964,,,,0.7584500378984689
GLC4382,2012-06-03,"between Harangajao and Mailongdisa, Assa,",25.1175,92.8573,0.0,landslide,downpour,Assam,5km,nasa_glc,1,150,5,206,23,7.855970319634703,72,768.5174186769312,6030.0,156.6149962451309,286.01999422349036,308.619993631728,348.15999272372574,459.89999034721404,,,,1.3748505453139197
GLC4385,2012-06-03,"lachen, Sikkim",27.7167,88.5577,0.0,landslide,downpour,Sikkim,5km,nasa_glc,1,2658,15,87,47,25.07525921626838,309,20905.606578851603,4760.5,0.3799999877810478,1.1514999736100435,6.781499777920544,45.09149904642254,104.79149780329317,,,,0.6631992652050449
GLC4394,2012-06-07,"Rolep, South Sikkim( Mapping to Rhenock 12 miles from Rolep)",27.1748,88.6458,7.0,landslide,rain,Sikkim,25km,nasa_glc,1,960,24,271,39,19.515648837835414,221,60.01698108833064,7067.0,4.474999925121665,30.02999939955771,69.67599849775434,114.06099750101566,214.20099651720375,,,,0.797946833385754
GLC4393,2012-06-07,"Nathang Maong, Sikkim",27.7565,88.632,7.0,landslide,downpour,Sikkim,25km,nasa_glc,1,3892,18,62,57,23.01835466342346,278,26800.695079601177,4508.0,0.05999999865889549,0.28999999817460775,8.6099998280406,20.359999527223408,99.26499742548913,,,,0.5662052295584376
GLC4403,2012-06-10,"Imphal-Jiribam section of NH-37 , Manipur",24.8142,93.5444,0.0,landslide,downpour,Manipur,50km,nasa_glc,1,527,29,149,52,28.72663706484172,307,122.75691404039556,7394.333333333333,4.764999811537564,11.859999661333859,51.144998375326395,291.6229930482805,380.6329902522266,,,,0.6058408868937004
GLC4407,2012-06-13,"NH44, Malidhor area,  Baleswar",25.0951,92.3567,0.0,landslide,downpour,Assam,50km,nasa_glc,1,240,26,282,56,30.118650453844833,313,213.12653087221787,5968.0,56.59999894723296,79.8099983567372,101.08499796036631,381.650992507115,539.260989299044,,,,0.572718777640601
GLC4408,2012-06-13,"NH44, Kuliang",25.5498,92.0757,0.0,landslide,downpour,Meghalaya,unknown,nasa_glc,1,1242,12,0,31,13.817232554171643,89,58.355091905505596,6787.0,15.239999637939036,30.51999929267913,103.48499811533839,418.2879936574027,484.3579918788746,,,,1.0108602112162877
GLC4424,2012-06-20,"Lalunggaon, Guwahati,  Assam",26.149,91.7351,0.0,landslide,downpour,Assam,1km,nasa_glc,1,51,1,20,6,1.9413815350137522,8,580.4621857141635,3579.0,18.969999566674232,26.004999361932278,184.82499582134187,306.4449928831309,492.9254887299612,,,,5.3407479216104505
GLC4426,2012-06-22,Lalunggaon near Gorchuk area,26.1226,91.7162,3.0,landslide,downpour,Assam,5km,nasa_glc,1,77,16,155,47,16.042214297843437,151,222.779890928792,3983.5,39.729998988099396,93.72999734152108,171.08999553043395,337.7299918262288,563.7254866398871,,,,0.6631992652050449
GLC4435,2012-06-25,"Tirap , Arunachal Pradesh",27.174,95.8011,0.0,landslide,downpour,Arunachal Pradesh,10km,nasa_glc,1,296,1,339,22,3.258221913137114,24,484.7248815972722,6928.5,12.664999675005674,88.2549973577261,195.09999522659928,315.23499287944287,519.8149884203449,,,,1.4389171473241251
GLC4436,2012-06-25,"Khonsa, Arunachal Pradesh",26.9986,95.4993,0.0,landslide,downpour,Arunachal Pradesh,50km,nasa_glc,1,663,20,3,32,16.978016916976518,128,126.53599026140022,6937.5,6.044999873265624,79.39999877661467,215.07999418769032,379.6249907333404,528.1464869119227,,,,0.9782176467120023
GLC4434,2012-06-25,"Sonaighuli area near Kahilipara, Guwahati City, Assam",26.1049,91.7369,1.0,landslide,downpour,Assam,1km,nasa_glc,1,138,13,176,39,17.860567016145463,114,792.1462476656577,5486.5,111.35499808192253,143.1749973371625,243.8699944736436,429.1799902645871,695.0254841819406,,,,0.797946833385754
GLC4446,2012-07-05,"Tuting, Upper Siang , Arunachal Pradesh",28.9986,94.8885,0.0,landslide,downpour,Arunachal Pradesh,5km,nasa_glc,1,590,6,86,19,7.064964711071899,45,31345.862236415123,3159.5,20.834999282844365,46.39499872736633,60.194498371332884,463.1494912803173,586.389488148503,,,,1.671320749162562
GLC4556,2012-09-16,"Namchi to Phongla, Namchi to Melli ,Namchi to Sumbuk",27.1675,88.3651,0.0,landslide,downpour,Sikkim,5km,nasa_glc,1,1492,24,180,49,22.1800794220587,213,93.10983622404015,6825.666666666667,18.999999358318746,73.49999809730798,169.08999578561634,269.35099402908236,463.91598826739937,,,,0.638061988961957
GLC4570,2012-09-19,Arunachal Pradesh,27.8458,95.2253,0.0,landslide,downpour,Arunachal Pradesh,1km,nasa_glc,1,135,1,29,7,1.6649573030701659,9,584.9446180120651,7187.666666666667,62.60499878227711,86.31999807804823,251.8749935636297,325.55499165598303,619.8144844733179,,,,4.576026277123324
GLC4610,2012-11-11,"Dapchhuah, Mamit, Mizoram",23.7705,92.5217,4.0,landslide,downpour,Mizoram,5km,nasa_glc,1,75,4,8,31,14.867051289447868,122,16.961596012496074,7380.5,0.0,0.424999987706542,49.364999066106975,62.08999875932932,86.7899983227253,,,,1.0108602112162877
GLC4757,2013-02-18,"East Siang, Arunachal Pradesh",28.1193,95.1645,3.0,landslide,rain,Arunachal Pradesh,5km,nasa_glc,1,777,36,207,50,30.680873539190255,336,2413.281780522253,7082.5,23.144999410025775,26.204999337904155,26.529999322257936,29.65999927185476,34.20949917752296,,,,0.6266061999132846
GLC4798,2013-04-07,"Dibang Valley, Arunachal Pradesh",28.8254,96.1509,0.0,landslide,rain,Arunachal Pradesh,unknown,nasa_glc,1,3641,30,76,49,25.345620236385724,296,23818.32915067055,335.0,3.494999907910824,19.52499932050705,25.602999216876924,46.30799868423492,88.04299784265459,,,,0.638061988961957
GLC4845,2013-05-07,"Kolasib, Saiha, Mizoram,",24.2315,92.6755,0.0,mudslide,rain,Mizoram,50km,nasa_glc,1,676,5,169,26,6.731869395263277,45,513.1958540638079,4951.5,44.65499901585281,142.83499695919454,230.55299550201744,266.9029946755618,352.4879926489666,,,,1.2121029133401509
GLC4858,2013-05-11,"Nursery, North Guwahati, Guwahati, Assam,",26.1662,91.7138,0.0,landslide,rain,Assam,50km,nasa_glc,1,163,25,104,35,20.454955872369318,224,285.0372027545527,5361.0,26.729999137111008,75.91999832261354,159.14499615877867,265.4049936188385,340.24499228969216,,,,0.8917264854581592
GLC4859,2013-05-11,"Sarania Hills, North Guwahati, Guwahati, Assam,",26.1771,91.7599,0.0,landslide,rain,Assam,5km,nasa_glc,1,78,7,291,20,6.047775854069776,35,276.6390298390951,4167.333333333333,26.729999137111008,75.91999832261354,159.14499615877867,265.4049936188385,340.24499228969216,,,,1.5861531116283452
GLC4857,2013-05-11,"Laipuitland , Aizawl, Mizoram",23.7281,92.7175,15.0,landslide,rain,Mizoram,25km,nasa_glc,1,1079,18,259,40,20.77909768880885,164,18.798171633525595,4390.666666666667,98.02499815821648,234.209995996207,433.9149924935773,502.07048988249153,546.4204892329872,,,,0.7776488575672658
GLC4860,2013-05-11,"Boragaon, North Guwahati, Guwahati, Assam,",26.1016,91.6906,0.0,landslide,rain,Assam,5km,nasa_glc,1,119,31,355,40,15.188233828874221,128,149.1010856963163,4890.333333333333,29.654999114573002,83.8499976573512,170.71499569620937,286.38999256305397,359.7149909492582,,,,0.7776488575672658
GLC4892,2013-06-01,Upper Subansiri,27.8776,94.25,0.0,landslide,downpour,Arunachal Pradesh,50km,nasa_glc,1,977,35,155,49,30.074392323380923,291,71.88542932296437,6463.666666666667,16.344999749213457,35.43499928340316,79.50499792955816,195.32999503519386,329.8399922028184,,,,0.638061988961957
GLC4906,2013-06-07,"Helipong-Chessore Road, Nagaland",26.0977,94.7499,0.0,landslide,unknown,Nagaland,10km,nasa_glc,1,1555,4,44,42,18.5134810721444,177,10837.920785675042,5234.0,18.144999649375677,52.16499913111329,68.59899864997715,102.05399790871888,259.21399286109954,,,,0.7402858242480944
GLC4905,2013-06-07,"Kuthur – Huker Road Via Y Anner, Chessore, Nagaland",26.0977,94.7031,0.0,landslide,unknown,Nagaland,25km,nasa_glc,1,1776,43,330,57,34.40739440606952,419,11508.146666335493,1717.5,18.144999649375677,52.16499913111329,68.59899864997715,102.05399790871888,259.21399286109954,,,,0.5662052295584376
GLC4908,2013-06-08,"15 Km From Gangtok, Himalayans",27.3721,88.708,0.0,landslide,downpour,Sikkim,25km,nasa_glc,1,3146,37,194,53,35.89755791689527,410,21.973335051076425,1195.0,7.759999839589,31.849999215453863,97.90899743326008,208.7489951569587,287.79899344127625,,,,0.5965122732088496
GLC4990,2013-06-27,"Near Changu Lake, 15Km Away From Nathu La, On India-China Border In Eastern Sikkim",27.3765,88.7628,0.0,landslide,downpour,Sikkim,1km,nasa_glc,1,3765,17,197,54,19.68902746213182,240,14.680847608327548,936.0,9.31499969214201,35.83499915432185,88.79999795928597,192.649994908832,404.27898978907615,,,,0.5878807401939672
GLC5006,2013-07-01,"Thillong Village, Doyang Along State Highway 1, Wokha To Merapani Road",26.1147,94.3864,0.0,landslide,downpour,Nagaland,1km,nasa_glc,1,352,7,79,42,18.64601399234722,122,70.80671187456875,7254.333333333333,20.144999619573355,50.589999058283865,109.88999753817916,166.10999622568488,227.99349511321634,,,,0.7402858242480944
GLC5005,2013-07-01,"Walo Ward, Mon Town, Wokha District, Nagaland",26.72,95.029,0.0,landslide,downpour,Nagaland,5km,nasa_glc,1,684,9,145,46,14.212603745537674,122,78.15942252071851,3375.0,31.5049993917346,74.01999840885401,191.38499581906945,266.99499373324215,380.54399091750383,,,,0.6769254485667469
GLC5084,2013-07-12,"National Highway 2 Near Phesama Village Close To Kisama Naha Heritage Site, Kohima District, Nagalan",25.616,94.1167,0.0,landslide,downpour,Nagaland,10km,nasa_glc,1,1587,24,101,34,18.736659011846037,202,23.816369981271446,3588.5,39.11499899253249,49.44499872997403,91.99999781791121,168.56499584577978,230.7149941632524,,,,0.9188098560839355
GLC5087,2013-07-12,"National Highway 29 Near Phesama Village, Nagaland",25.6269,94.1139,0.0,landslide,downpour,Nagaland,10km,nasa_glc,1,1579,16,46,32,15.768406093678953,124,31.34243862373669,4008.0,39.11499899253249,49.44499872997403,91.99999781791121,168.56499584577978,230.7149941632524,,,,0.9782176467120023
GLC5107,2013-07-15,"National Highway 29 Near Phesama Village, Nagaland",25.6269,94.1139,0.0,landslide,rain,Nagaland,10km,nasa_glc,1,1579,16,46,32,15.768406093678953,124,31.34243862373669,3051.0,6.2049998715519905,33.69999902602285,87.03999761492014,190.9449951723218,254.37999337911606,,,,0.9782176467120023
GLC5122,2013-07-17,"National Highway 29 Between Patkai Bridge And Kukidolong, Nagaland",25.7658,93.9413,0.0,mudslide,rain,Nagaland,50km,nasa_glc,1,858,39,229,48,31.809325930719705,379,24.754994664255918,4810.0,20.6299994783476,29.75999932549894,93.14499800279737,173.6549959136173,294.6219936190173,,,,0.6502529605228045
GLC5123,2013-07-17,"National Highway 2 Near Meriema Village, 10 Km Away From Kohima",25.7131,94.0885,0.0,mudslide,rain,Nagaland,50km,nasa_glc,1,1435,21,249,35,18.839715989775634,186,14.181001943898906,4272.666666666667,33.289999300614,43.63999901898205,110.0899976734072,207.39999548718333,346.18799167405814,,,,0.8917264854581592
GLC5250,2013-08-01,"Polo River At Polosang, Arunachal Pradesh",27.8837,93.0515,0.0,mudslide,rain,Arunachal Pradesh,10km,nasa_glc,1,1610,46,148,63,30.892063881242418,345,29767.795246539852,5444.0,8.484999725595117,30.379999229684472,119.70999738760293,281.1849940363318,390.88499119784683,,,,0.5435121924057005
GLC5271,2013-08-04,"Nanga, Nagaland",26.284,94.5808,0.0,landslide,continuous_rain,Nagaland,5km,nasa_glc,1,710,25,3,34,20.668158849662554,216,735.5499150961526,7176.333333333333,10.029999759048223,26.78749927598983,93.12249762006104,198.25249492935836,365.8374912701547,,,,0.9188098560839355
GLC5268,2013-08-04,"Zunheboto, Nagaland",26.0137,94.5163,0.0,landslide,continuous_rain,Nagaland,25km,nasa_glc,1,1727,7,225,37,22.071675409873222,207,770.9535101710443,3046.0,27.759999279864132,50.14249887038022,102.60249779187143,199.71749580372125,402.4074909053743,,,,0.8421399415384938
GLC5269,2013-08-04,"Tizu, Nagaland",25.8376,94.5234,0.0,landslide,continuous_rain,Nagaland,unknown,nasa_glc,1,804,2,196,34,10.824936727536857,115,7691.1086752091,4974.333333333333,3.474999886006117,25.289999552071095,81.56499738804996,169.89499522931874,388.9949891967699,,,,0.9188098560839355
GLC5270,2013-08-04,"Phizo, Nagaland",26.0481,94.4619,0.0,landslide,continuous_rain,Nagaland,unknown,nasa_glc,1,851,27,263,44,26.249280779250178,315,4864.015003311839,5920.666666666667,8.719999809749424,25.386499410495162,88.40649768989533,152.74649648088962,319.30649283342063,,,,0.7068387710212181
GLC5273,2013-08-04,"Zhekuto, Nagaland",26.1807,94.5497,0.0,landslide,monsoon,Nagaland,5km,nasa_glc,1,1668,26,183,62,27.871046586627145,301,3466.5578516499727,3741.6666666666665,29.734999381937087,49.49199899379164,115.00199771020561,222.4369957782328,392.6019923351705,,,,0.5451583819451533
GLC5272,2013-08-04,"Longsa, Nagaland",26.2083,94.5438,0.0,landslide,monsoon,Nagaland,1km,nasa_glc,1,1475,11,324,47,21.675896705012057,212,4058.215101725455,4894.0,10.029999759048223,26.78749927598983,93.12249762006104,198.25249492935836,365.8374912701547,,,,0.6631992652050449
GLC5274,2013-08-04,"Suruhuto Town, Nagaland",26.0838,94.564,0.0,landslide,rain,Nagaland,25km,nasa_glc,1,1835,17,85,36,20.293189152465594,217,2210.0010383495514,5743.0,27.759999279864132,50.14249887038022,102.60249779187143,199.71749580372125,402.4074909053743,,,,0.8662087320075671
GLC5275,2013-08-04,"Suruhuto Town, Nagaland",26.1498,94.6055,0.0,landslide,monsoon,Nagaland,10km,nasa_glc,1,1690,26,151,42,27.992179984835282,285,6447.02613761033,3504.3333333333335,10.609999743290246,32.61449933797121,84.30949807912111,215.65449554752558,374.69449107628316,,,,0.7402858242480944
GLC5300,2013-08-09,"Senapati, Manipur",25.318,94.0441,0.0,landslide,downpour,Nagaland,50km,nasa_glc,1,1000,12,96,30,13.118692163923955,120,362.4931179237269,6743.5,4.6899999007582664,21.56499954778701,84.23499750066549,174.90099575463682,267.3809936232865,,,,1.0457106679945398
GLC5312,2013-08-11,Kangtsung Village,26.7103,94.693,0.0,landslide,downpour,Assam,10km,nasa_glc,1,698,19,294,45,17.42073253142317,126,16.665716074705525,7021.5,15.019999369978905,32.75499885156751,121.94999630190432,220.52699419669807,440.1769886976108,,,,0.691460633906725
GLC5427,2013-08-15,"Koide Government High School, Senapati, Manipur",25.3833,94.1884,0.0,landslide,downpour,Nagaland,5km,nasa_glc,1,1684,20,242,42,19.354648712077203,161,8479.240748821334,4342.333333333333,52.029998525977135,77.37499803677201,100.38499763980508,231.06199444178492,311.0319926245138,,,,0.7402858242480944
GLC5338,2013-08-16,"Longlem, Nagaland",26.8727,94.9275,0.0,landslide,rain,Assam,25km,nasa_glc,1,135,2,312,9,2.932131328241872,16,9120.008323332619,7143.0,54.86499813199043,83.26999749056995,131.83499658107758,293.1964928219095,481.53148838318884,,,,3.5557939043574724
GLC5337,2013-08-16,"Yakshu, Nagaland",26.4205,94.9731,0.0,landslide,rain,Nagaland,5km,nasa_glc,1,685,18,177,41,21.725384155084623,140,7.553815802255496,5626.333333333333,18.444999411702156,48.32499847561121,147.72499636001885,288.04749376513064,497.16248952038586,,,,0.7584500378984689
GLC5336,2013-08-16,"Tobu, Nagaland",26.3897,94.9439,0.0,landslide,rain,Nagaland,10km,nasa_glc,1,525,11,250,61,27.761248644741592,245,3.7033005008577753,8044.0,14.319999694824219,42.334999094717205,166.13499541953206,308.15149161126465,521.8814869727939,,,,0.5477221912318005
GLC5343,2013-08-17,The Imphal-Jiribam Section Of Nh-37 In Tamenglong District,24.7625,93.4341,0.0,landslide,continuous_rain,Assam,10km,nasa_glc,1,675,23,137,52,23.215526222395226,235,9.397358063926578,6640.0,22.114999189972878,29.02499897032976,107.76999724749476,192.0999955786392,292.5149935297668,,,,0.6058408868937004
GLC5421,2013-08-30,"Yakshu, Nagaland",26.4205,94.9731,0.0,mudslide,unknown,Nagaland,5km,nasa_glc,1,685,18,177,41,21.725384155084623,140,7.553815802255496,5308.333333333333,0.279999990016222,4.284999903291464,32.68499917164445,171.089995267801,463.9274890841916,,,,0.7584500378984689
GLC5431,2013-09-01,"Tamenglong, Manipur",24.9829,93.5063,0.0,mudslide,continuous_rain,Assam,5km,nasa_glc,1,1331,19,17,36,17.7503400505218,183,99.9157273099093,3343.6666666666665,0.4449999928474426,2.6649999460205436,25.939999376423657,79.57999804522842,264.4349934272468,,,,0.8662087320075671
GLC5430,2013-09-01,"Tamenglong- Khongsang Road, Manipur",24.9037,93.487,0.0,mudslide,continuous_rain,Manipur,25km,nasa_glc,1,1247,23,270,44,28.661283681778674,319,17.05786462344893,4579.333333333333,0.1599999964237213,1.524999976158142,21.849999476224184,64.2299985345453,253.80999429896474,,,,0.7068387710212181
GLC5429,2013-09-01,Tamabong Village In Sikkim State,27.3425,88.2426,5.0,landslide,downpour,Sikkim,50km,nasa_glc,1,1393,29,218,55,32.344786265440746,364,1481.7666090993696,8428.333333333334,2.5949999168515205,16.889999739825726,133.28499672096223,220.87999492045492,365.76499207131565,,,,0.5799475888331223
GLC5442,2013-09-02,Arunachal Pradesh,27.1614,93.7525,0.0,landslide,downpour,Arunachal Pradesh,unknown,nasa_glc,1,149,5,100,25,6.141004644067039,49,31.94971761034234,6333.0,49.16199817880988,56.36699798423797,226.56699279975146,260.5869918614626,713.3969798861071,,,,1.2620264222578241
GLC5441,2013-09-02,"Gosang Village Under Jengging Circle, Arunachal Pradesh",28.611,94.9829,0.0,landslide,downpour,Arunachal Pradesh,5km,nasa_glc,1,1678,31,347,61,38.35596240909444,480,4604.543053055104,5502.0,36.11199930310249,76.90699830278754,193.91199566517025,237.6869946271181,528.0369872711599,,,,0.5477221912318005
GLC5476,2013-09-07,14 Milestone Of J N Marg Near Kyangnosola (East Sikkim),27.3736,88.7323,0.0,landslide,rain,Sikkim,25km,nasa_glc,1,3437,26,194,45,25.755208508256363,231,28.356819701576995,3272.0,1.3550000078976154,6.164999881759286,39.94999891798943,137.93999647069722,319.5049920286983,,,,0.691460633906725
GLC5552,2013-09-24,"Ukhrul, Manipur",25.0985,94.3619,0.0,landslide,unknown,Manipur,5km,nasa_glc,1,1902,4,340,25,9.89153765355985,58,90.68779359457655,4044.0,0.08999999612569809,11.899999757297337,17.339999637566507,82.29499900434166,190.15249613206834,,,,1.2620264222578241
GLC5575,2013-10-05,"Chiechama, Nagaland",25.8266,94.1497,0.0,mudslide,continuous_rain,Nagaland,5km,nasa_glc,1,1376,25,345,37,20.725794371311842,168,5.902714802855758,6398.666666666667,17.759999584406614,21.70999950543046,42.803499094210565,101.44349793810397,173.51849570684135,,,,0.8421399415384938
GLC5582,2013-10-06,"Batahguli, Guwahati, Assam",26.1309,91.8383,1.0,landslide,downpour,Assam,5km,nasa_glc,1,116,14,29,32,12.247283592901132,122,577.854060902449,6473.333333333333,21.044999733567238,130.76999846287072,153.11949783563614,200.73449658975005,237.8844957081601,,,,0.9782176467120023
GLC5603,2013-10-13,"Tusom, Manipur",25.426,94.6024,0.0,mudslide,downpour,Manipur,5km,nasa_glc,1,1344,7,0,39,23.917206590678774,203,2647.1374983489727,8682.5,0.07499999832361937,0.07499999832361937,67.6049983035773,152.90699644293636,202.32199520617723,,,,0.797946833385754
GLC6015,2014-05-08,Lohit District of Arunachal Pradesh,27.9032,96.174,0.0,mudslide,rain,Arunachal Pradesh,1km,nasa_glc,1,208,2,90,13,3.837038027431449,18,1392.246455192275,3013.5,54.56999845802784,73.20499803125858,105.78799721691757,129.30299656558782,190.46799512114376,,,,2.45549141126334
GLC6016,2014-05-09,"Satgarakul Village, Karimganj, Assam State",24.8669,92.3576,7.0,landslide,rain,Assam,1km,nasa_glc,1,23,1,90,5,2.0418187017443525,8,344.0375382883838,5490.5,26.649999387562275,82.94999836105853,144.6599968643859,235.13249464519322,254.33249417319894,,,,6.410988626744456
GLC6105,2014-06-26,Arunachal Pradesh,28.9205,95.3429,0.0,landslide,continuous_rain,Arunachal Pradesh,unknown,nasa_glc,1,4059,27,231,41,23.485543391895472,203,33854.76724868372,1439.0,1.3099999576807022,22.71999947912991,125.64499671198428,226.66999476961792,306.87599267810583,,,,0.7584500378984689
GLC6106,2014-06-26,Narakasur,26.1407,91.7645,3.0,landslide,continuous_rain,Assam,5km,nasa_glc,1,60,3,198,17,4.165444338811173,32,71.51906865704113,3534.0,10.569999635219574,46.824998773634434,215.2249948931858,335.3049918450415,440.884988876991,,,,1.8715182016996885
GLC6107,2014-06-26,Bamunimaidam,26.1844,91.7896,1.0,landslide,continuous_rain,Assam,5km,nasa_glc,1,63,1,228,18,2.981884631921971,28,34.13664326266222,3763.0,10.569999635219574,46.824998773634434,215.2249948931858,335.3049918450415,440.884988876991,,,,1.7658912410344465
GLC6110,2014-06-27,"Bhangagarh, Assam",26.1619,91.7697,3.0,landslide,rain,Assam,exact,nasa_glc,1,57,1,132,10,2.8729643168366144,13,162.71371289319978,2921.6666666666665,42.60999909415841,57.84499863162637,202.32999480422586,376.35999098420143,468.90998841729015,,,,3.198447748515856
GLC6143,2014-07-14,"Zembabawk, Aizawl",23.7327,92.7463,1.0,landslide,downpour,Mizoram,5km,nasa_glc,1,805,37,234,49,22.74059712172098,218,389.7581979307422,7130.666666666667,9.92999970074743,48.86999875959009,68.67499864567071,157.25299596134573,593.5729854851961,,,,0.638061988961957
GLC6513,2014-08-14,Sabroom,23.0137,91.7174,3.0,mudslide,downpour,Tripura,5km,nasa_glc,1,31,3,0,15,4.680322161359205,30,28.711583649099236,5769.666666666667,146.00999516248703,181.73999395221472,189.04999372269958,245.27449244447052,425.9094891762361,,,,2.1247633730766076
GLC6200,2014-08-17,Arunachal Pradesh/Itanagar,27.0869,93.6086,0.0,landslide,downpour,Arunachal Pradesh,10km,nasa_glc,1,314,7,292,25,7.833434357040232,72,42.59379472860055,4810.333333333333,6.87999976053834,112.36499758157879,285.52999364677817,487.98498930502683,878.2399783348665,,,,1.2620264222578241
GLC6288,2014-09-22,Noonmati,26.1985,91.7998,0.0,landslide,rain,Assam,5km,nasa_glc,1,87,12,175,22,10.143905970723322,46,1775.8373207402647,6229.333333333333,128.74999696016312,172.80499584786594,185.23499548248947,271.5099942041561,513.7304892614484,,,,1.4389171473241251
GLC6283,2014-09-22,Dakhingaon,26.1314,91.7548,0.0,landslide,rain,Assam,1km,nasa_glc,1,76,7,4,20,7.110911148839838,44,945.8550389874674,5405.666666666667,128.74999696016312,172.80499584786594,185.23499548248947,271.5099942041561,513.7304892614484,,,,1.5861531116283452
GLC6286,2014-09-22,Garchuk,26.1044,91.7082,0.0,landslide,rain,Assam,5km,nasa_glc,1,54,2,37,15,2.996353960255902,35,94.91959781674412,5505.666666666667,128.74999696016312,172.80499584786594,185.23499548248947,271.5099942041561,513.7304892614484,,,,2.1247633730766076
GLC6284,2014-09-22,Batahghuli,26.1324,91.8342,0.0,landslide,rain,Assam,5km,nasa_glc,1,74,9,0,26,8.500124510447556,95,164.18510204641944,5122.0,124.57499754428864,176.45499680191278,192.01499654818326,276.419994992204,479.27848933264613,,,,1.2121029133401509
GLC6287,2014-09-22,Dhirenpara,26.1295,91.7056,0.0,landslide,rain,Assam,5km,nasa_glc,1,143,4,270,22,9.777345076640934,75,1276.5902360928478,5855.666666666667,128.74999696016312,172.80499584786594,185.23499548248947,271.5099942041561,513.7304892614484,,,,1.4389171473241251
GLC6285,2014-09-22,VIP Road,26.159,91.8178,0.0,landslide,rain,Assam,5km,nasa_glc,1,69,11,145,26,6.123579738354985,57,7.314809626993523,5590.0,124.57499754428864,176.45499680191278,192.01499654818326,276.419994992204,479.27848933264613,,,,1.2121029133401509
GLC6292,2014-09-23,Hatsingimari,25.7238,89.9032,1.0,landslide,continuous_rain,Assam,5km,nasa_glc,1,35,11,235,17,4.7495967833533985,34,33.260266013431014,4784.0,65.75499829649925,297.964992813766,338.23499190900475,468.7349888458848,641.8569837827235,,,,1.8715182016996885
GLC6290,2014-09-23,Mawbah under Mawprem area,25.5772,91.8666,8.0,landslide,continuous_rain,Meghalaya,5km,nasa_glc,1,1479,6,326,31,8.54027864657378,70,557.0450717925858,5417.5,310.7249925136566,452.76998981647193,537.414987821132,573.9999870238826,1001.28797992412,,,,1.0108602112162877
GLC6222,2014-10-01,Karsingsa block point,27.1249,93.7706,5.0,landslide,unknown,Arunachal Pradesh,5km,nasa_glc,1,167,22,9,40,11.732464851157419,110,20.119261535087475,7645.0,0.04999999701976776,2.2399999145418406,50.43999869283289,352.74999096337706,545.2929861079901,,,,0.7776488575672658
GLC6293,2014-10-20,South West Garo Hills,25.5006,90.0896,6.0,landslide,rain,Meghalaya,50km,nasa_glc,1,52,5,158,24,5.307807876166628,32,112.35575450508085,7542.666666666667,0.0,0.0,31.95499873254448,48.44999842066318,457.95998936798424,,,,1.3160975787516667
GLC7591,2015-03-19,Ratacherra,25.0318,92.4584,0.0,landslide,rain,Assam,5km,nasa_glc,1,99,19,224,50,16.01848319034945,110,24.85067127871671,4753.5,0.0,0.0,0.0,0.23999999836087227,28.61399938352406,,,0.5066415103639796,0.6266061999132846
GLC7031,2015-05-24,"Bop, Sikkim",27.6163,88.6586,0.0,landslide,unknown,Sikkim,1km,nasa_glc,1,1859,35,128,57,34.76251983284543,482,12795.348983932538,7609.5,5.1899998262524605,9.299999766983092,17.85999959614128,99.2099976548925,148.73899674974382,0.29896271228790283,0.2997475266456604,0.17264708842563437,0.5343872604099855
GLC6971,2015-06-09,"Itanagar, Arunachal Pradesh",27.0987,93.816,2.0,landslide,continuous_rain,Arunachal Pradesh,5km,nasa_glc,1,222,15,39,29,12.99683444838579,83,1092.4914608132476,4177.5,17.424999371170998,75.46999791637063,224.33499448001385,282.3404929852113,563.4404883729294,0.35747623443603516,0.327910840511322,2.5131510125541707,0.9246714394823203
GLC6968,2015-06-13,"Ratacherra village along the NH-44 connecting to Barak Valley in Assam and Tripura, Meghalaya, Mizor",25.463,92.2121,4.0,landslide,continuous_rain,Meghalaya,5km,nasa_glc,1,1384,2,312,18,6.899059696735122,36,346.7362076799407,4543.333333333333,62.79999789502472,199.70999492239207,573.7499854182824,903.9984776945785,1083.133473251015,0.4412737488746643,0.4523794651031494,3.763783199117384,1.3249608483988409
GLC6969,2015-06-16,"Nakham Bazaar, Tura, Meghalaya",25.5114,90.215,4.0,landslide,downpour,Meghalaya,1km,nasa_glc,1,309,9,297,29,12.542499203495524,74,26.13588852437269,4078.3333333333335,63.27499865181744,89.77999813295901,445.874987591058,572.0639849044383,874.753975994885,0.4521684944629669,0.4665982723236084,-2.7774894012261866,0.8140998393630821
GLC6970,2015-06-16,Akonggre,25.5084,90.2191,1.0,rock_fall,downpour,Meghalaya,1km,nasa_glc,1,325,18,292,32,14.817803215638975,130,46.42426809643648,6102.666666666667,63.27499865181744,89.77999813295901,445.874987591058,572.0639849044383,874.753975994885,0.4521684944629669,0.4665982723236084,-3.8541604106304765,0.7396917379531254
GLC6963,2015-06-19,"Muanna locality, Mizoram",23.7131,92.7362,0.0,landslide,rain,Mizoram,50km,nasa_glc,1,891,30,86,49,23.993535726653594,200,187.65540040064505,6494.0,47.484998679719865,110.26999702956527,124.14499683771282,266.73499449528754,344.4574932111427,0.3513825535774231,0.3590904474258423,1.4536555050527955,0.5652852744954902
GLC6945,2015-06-19,"amei to Kangpokpi via Imphal road, 0.5 km from Tamei, Tamenglang District",25.16,93.686,0.0,landslide,monsoon,Manipur,1km,nasa_glc,1,1049,36,153,45,30.046892474836227,378,14.4604193346709,6929.0,2.324999970383942,2.5199999632313848,187.12999446690083,242.93999349419028,302.287992416881,0.35644465684890747,0.3765197992324829,,0.604387294183959
GLC6990,2015-06-24,"New Land (""""New Colony"""")",26.0319,94.5466,0.0,landslide,continuous_rain,Nagaland,5km,nasa_glc,1,1531,39,203,48,32.02730352226766,352,414.07286396880704,8244.0,31.289999127388,70.90999829210341,185.4499954516068,305.94999242853373,406.43599039968103,0.38000592589378357,0.38988685607910156,,0.5577984712330917
GLC7214,2015-07-15,Type-IV Colony of Seppa in East Kameng,27.36,93.0385,3.0,landslide,monsoon,Arunachal Pradesh,5km,nasa_glc,1,404,7,282,40,10.02627895779915,94,154.11870111876405,5892.666666666667,144.43999626860023,154.31999590899795,179.7599953059107,293.5249923458323,652.6499828053638,0.4836620092391968,0.5062443614006042,-1.3686479687648752,0.600020928198944
GLC7263,2015-07-22,"15 kms from Maram, National Highway-102/A (Maram Peren road)",25.4477,94.0489,0.0,landslide,continuous_rain,Manipur,1km,nasa_glc,1,1323,27,326,45,27.96051642871783,255,97.4096131674954,4709.5,25.05499953776598,38.77499917894602,167.974996346049,189.69499585125595,257.0174944670871,0.38829535245895386,0.402038037776947,3.6185167384553933,0.5832883274724565
GLC7264,2015-07-22,22 kms to 30 kms between Sangkungmai and Willong,25.4538,93.9827,0.0,landslide,continuous_rain,Manipur,5km,nasa_glc,1,1792,17,282,50,32.402618248050544,372,74.3699916539002,4058.5,32.76999924425036,48.78999884240329,167.27499587275088,192.96499530412257,283.5359931336716,0.38829535245895386,0.402038037776947,6.015611661834908,0.5358388574806942
GLC7253,2015-07-22,Lakhipur,24.7979,92.9974,5.0,landslide,continuous_rain,Assam,5km,nasa_glc,1,29,1,66,6,1.9814700361671937,10,626.0247587377875,3285.0,43.44999856501818,85.58499791659415,167.8749959152192,225.3449944742024,370.8004920342937,0.4957248568534851,0.4895586371421814,3.3475524508713725,3.9226554000009357
GLC7265,2015-07-22,Willong-Yangkhullen stretch,25.5007,93.9854,0.0,landslide,continuous_rain,Manipur,5km,nasa_glc,1,1441,16,175,36,22.875547765118306,239,23.16840104071494,6013.5,28.334999404847622,43.8149989079684,159.55499605834484,199.85999509412795,257.9459936013445,0.332497775554657,0.3337664008140564,3.644150302797592,0.768196404601822
GLC7266,2015-07-22,Yangkhullen-Tamphung road till Nagaland border,25.5098,93.8794,0.0,landslide,continuous_rain,Manipur,10km,nasa_glc,1,1653,14,281,21,11.76459008932127,102,28.09951946780753,5624.0,34.70999936759472,47.88499905541539,142.91999629419297,167.71499591879547,220.30949449166656,0.36980170011520386,0.3815874457359314,3.4230877210003143,1.259166054388442
GLC7279,2015-07-24,Tamenglong Ward No-IV,24.9818,93.5142,0.0,mudslide,monsoon,Manipur,50km,nasa_glc,1,1254,6,54,33,14.416783808185047,150,227.2105750674338,5123.0,32.18499948922545,73.92999822366983,154.11499676201493,198.46999596618116,282.3124938812107,0.35339024662971497,0.34808048605918884,-1.1715287836255053,0.8166250512293349
GLC7276,2015-07-25,,26.1062,91.8717,2.0,landslide,continuous_rain,Assam,5km,nasa_glc,1,247,14,251,38,19.84523944299785,181,603.8757605942368,8338.0,52.904998702928424,68.849998251535,131.87999675795436,201.6449949881062,336.8274923954159,0.41726306080818176,0.43375131487846375,,0.6564013518913275
GLC7364,2015-07-31,Phungyar road,24.819,94.3551,0.0,landslide,continuous_rain,Manipur,10km,nasa_glc,1,1578,30,256,39,26.039089587934416,303,14.856763054657046,4395.333333333333,37.03999938070774,41.0899992287159,56.81999890971929,140.6299972841516,265.696994506754,0.35509416460990906,0.3511456847190857,,0.6915249666479737
GLC7372,2015-07-31,Naga Gate along the Ukhrul-Imphal route,25.0634,94.3415,0.0,mudslide,continuous_rain,Manipur,10km,nasa_glc,1,1762,23,276,37,18.5111283673446,175,27.285203139645517,3182.6666666666665,35.39499908126891,41.30999897327274,70.69999813195318,149.55499622505158,245.55249454453588,0.3664657771587372,0.37317174673080444,,0.7177803615221885
GLC7370,2015-08-01,between Moltuk to New Songjang village,24.1419,94.1078,0.0,landslide,continuous_rain,Manipur,5km,nasa_glc,1,1158,29,224,36,18.84383413489196,169,1649.1425706148266,1936.6666666666667,80.98499846458435,205.4899957496673,248.52499487623572,334.0099928257987,522.7899893270805,0.40277108550071716,0.4124740958213806,,0.7041239098289731
GLC7385,2015-08-01,"Holenjang, Chandel district",24.004,93.9815,0.0,landslide,continuous_rain,Manipur,10km,nasa_glc,1,1480,27,93,47,31.290977564840848,341,7318.030403707503,2054.0,51.91499875858426,142.82499672099948,195.5399953443557,281.1949929194525,431.839988630265,0.40638741850852966,0.41725391149520874,,0.551150960041914
GLC7369,2015-08-01,between Chalong and Paraolon,24.1988,94.1016,0.0,landslide,continuous_rain,Manipur,10km,nasa_glc,1,1357,30,308,54,28.70349071251943,254,82.393632479311,3857.3333333333335,80.98499846458435,205.4899957496673,248.52499487623572,334.0099928257987,522.7899893270805,0.40277108550071716,0.4124740958213806,,0.5023219903256007
GLC7383,2015-08-01,"Tuitung village, Khengjoi",23.899,94.1434,0.0,landslide,rain,Manipur,5km,nasa_glc,1,271,9,99,31,14.707926042050905,118,3415.939033017665,7671.666666666667,42.089998551644385,135.4599966527894,198.4899950288236,310.2249924354255,498.02998890634626,0.3791275918483734,0.38723224401474,,0.8409384826865236
GLC7373,2015-08-01,between Maku village and Kamjong sub division,24.9111,94.4759,0.0,landslide,continuous_rain,Manipur,10km,nasa_glc,1,1806,27,23,48,28.152709810198942,292,39.26395238963737,2376.6666666666665,54.72499852254987,96.38999760895967,114.43499715905637,171.5399958603084,321.3399926563725,0.36482247710227966,0.36314624547958374,,0.5668547572788065
GLC7389,2015-08-01,between Bongyang and Lokchao along the Imphal-Moreh highway,24.4072,94.0644,0.0,landslide,continuous_rain,Manipur,5km,nasa_glc,1,1142,31,3,37,21.13772001331851,252,8.202290428657934,4998.0,55.039998586289585,108.56999739911407,156.32999632135034,270.494993862696,415.9649907676503,0.40147027373313904,0.4192909598350525,,0.6870086471181442
GLC7371,2015-08-01,near S Lamphei Lamkhai and Sehlon village,23.9939,94.0573,0.0,landslide,continuous_rain,Manipur,50km,nasa_glc,1,970,16,355,42,25.331048781892534,182,5858.722544898738,3215.6666666666665,44.6549991639331,140.04999701213092,194.75999562162906,277.72499366570264,451.534988919273,0.40638741850852966,0.41725391149520874,,0.6068378491649298
GLC7388,2015-08-01,Senam,24.416,94.0984,0.0,landslide,continuous_rain,Manipur,5km,nasa_glc,1,1399,20,248,35,22.789041064437995,232,1568.1906491474283,4128.333333333333,55.039998586289585,108.56999739911407,156.32999632135034,270.494993862696,415.9649907676503,0.40145882964134216,0.41525501012802124,,0.7247870740979065
GLC7374,2015-08-01,Ukhrul town Circular road from Rayotang to Viewland Zone II,25.1122,94.3591,0.0,landslide,continuous_rain,Manipur,10km,nasa_glc,1,1847,16,278,30,13.776669102201103,120,86.18826325916334,3641.3333333333335,45.139998875558376,83.63499806821346,102.33999752998352,177.86499539855868,273.22999313566834,0.36564263701438904,0.3700088858604431,,0.8843417476306619
GLC7409,2015-08-02,Meluri Sub-Division in Phek District of Nagaland,25.72,94.6219,0.0,landslide,continuous_rain,Nagaland,10km,nasa_glc,1,1692,46,214,56,35.50776466311472,391,1030.9976836788178,7613.666666666667,8.721499912440777,61.05149879399687,65.0814986974001,210.96649554371834,344.15649267472327,0.3911046087741852,0.4059032201766968,,0.49850041214258645
GLC7666,2015-08-11,Tousem,25.1019,93.3729,0.0,landslide,continuous_rain,Manipur,5km,nasa_glc,1,1145,6,248,46,19.51884918369678,134,9771.19783690562,3785.0,2.049999985843897,21.9549996573478,57.689999382942915,171.4994970941916,400.4694913206622,0.39638882875442505,0.4142232835292816,,0.5672872327822365
GLC7664,2015-08-11,Nungba,24.7459,93.4251,0.0,landslide,continuous_rain,Manipur,10km,nasa_glc,1,768,4,25,50,24.922270182388576,188,53.28557112289394,4487.0,4.03499994892627,55.574998698197305,91.36499739158899,215.08499481435865,426.2199901230633,0.3711622357368469,0.3809133470058441,,0.5453622606212944
GLC7665,2015-08-11,Khoupum,24.7016,93.5291,0.0,landslide,continuous_rain,Manipur,5km,nasa_glc,1,666,15,20,57,24.19268125071585,265,151.123055575508,5133.5,4.199999913573265,36.169999258592725,87.45499815326184,234.42449474241585,455.33948910888284,0.38274747133255005,0.3986745774745941,,0.49834395161384365
GLC7660,2015-08-12,Phesama village,25.6237,94.1136,0.0,mudslide,continuous_rain,Nagaland,5km,nasa_glc,1,1580,26,64,44,22.184772970146213,250,46.258472901737456,1919.0,3.799999922513962,46.104998864233494,73.55999825056642,198.82949454151094,417.9394892677665,0.3929027318954468,0.38651958107948303,-2.339073435386684,0.5916625448201234
GLC7887,2015-08-16,Hawai,27.8835,96.9262,0.0,landslide,continuous_rain,Arunachal Pradesh,50km,nasa_glc,1,908,33,230,60,28.327125614363577,363,452.19445431783316,7909.333333333333,0.0,0.14499999582767487,3.144999934360385,128.61599653679878,245.7109932890162,0.37077686190605164,0.3902343809604645,5.449311213450809,0.49539600852871657
GLC7335,2015-08-18,Tura Civil Hospital,25.5145,90.2023,0.0,landslide,continuous_rain,Meghalaya,1km,nasa_glc,1,310,11,314,28,12.292250275922502,93,81.79733536188367,5686.666666666667,49.80499891471118,51.21499884407967,72.48499813396484,105.30999722331762,293.38599271979183,0.4268985986709595,0.4420297145843506,0.9763454271148193,0.8714094613327173
GLC7334,2015-08-18,Arunachal Pradesh,28.1737,94.7596,1.0,landslide,unknown,Arunachal Pradesh,unknown,nasa_glc,1,559,29,71,38,23.947063073075853,259,1505.0167680556553,5896.666666666667,4.629999801516533,16.00499963015318,38.479999407194555,69.09999877493829,179.99199566897005,0.29447901248931885,0.28696227073669434,-2.285591386571614,0.7605070208432525
GLC7701,2015-08-19,Phesama,25.6278,94.1051,0.0,landslide,continuous_rain,Nagaland,5km,nasa_glc,1,1528,18,57,38,21.633055163945613,227,29.38601755050959,3063.3333333333335,0.17999999597668648,0.8099999837577343,27.394999546930194,103.85999768413603,304.4444925840944,0.37248310446739197,0.3729746639728546,-3.764561717567318,0.6943692098853023
GLC7699,2015-08-19,Zunheboto district,26.0214,94.5224,0.0,landslide,continuous_rain,Nagaland,50km,nasa_glc,1,1660,22,252,44,25.026038184805373,265,397.87899340322883,5285.0,5.0849998174235225,10.174999635666609,12.164999589323997,98.79999778978527,283.3774931160733,0.3674210011959076,0.39066341519355774,3.5070582682918667,0.6091422459894472
GLC7589,2015-08-19,National Highway 44,25.2568,92.3825,0.0,landslide,rain,Meghalaya,25km,nasa_glc,1,789,7,198,26,12.468472063854042,128,44.2516585913671,4105.0,37.39499904960394,38.07999902963638,53.664998655207455,135.10499651078135,252.8489941181615,0.40922245383262634,0.4000551998615265,1.0210587939613784,0.9618938405669212
GLC7590,2015-08-19,Tongseng,25.1416,92.3807,0.0,landslide,rain,Meghalaya,5km,nasa_glc,1,174,14,73,28,14.836660844948234,155,142.60912312658849,4202.0,19.08499963954091,20.98999959230423,52.94499875884503,137.30499681737274,280.91799336858094,0.4733360707759857,0.49590709805488586,4.061995739500081,0.8426284383565738
GLC7706,2015-08-19,National Highway at Kuliang,25.0728,92.3636,0.0,landslide,rain,Meghalaya,5km,nasa_glc,1,133,6,292,29,18.425341433334854,171,37.903705423269116,4692.333333333333,14.259999817237258,14.689999809488654,66.27999891899526,219.98499522544444,381.28799222875386,0.47579655051231384,0.463913232088089,-1.3405265123846135,0.8140998393630821
GLC7336,2015-08-19,NH-62 at Sibbari,25.2193,90.5549,0.0,landslide,continuous_rain,Meghalaya,10km,nasa_glc,1,263,11,332,29,13.779241516966067,94,17.283861950771335,7835.666666666667,76.05999845266342,89.95999803300947,134.41499724332243,173.77999662421644,344.76699244137853,0.4330643117427826,0.44744518399238586,0.5291540222734312,0.8343390302164475
GLC7727,2015-08-20,between Phesama and Kuima in Nagaland,25.6263,94.1057,0.0,landslide,continuous_rain,Nagaland,5km,nasa_glc,1,1521,20,82,36,21.97995953257855,196,62.732214234346124,2265.6666666666665,6.734999825246632,7.159999811090529,29.669999436475337,107.68999762274325,304.4344925833866,0.3727447986602783,0.3711611032485962,1.5649453559311919,0.7315007205713273
GLC7728,2015-08-22,Natonal Highway in Jorabat area,26.1028,91.8806,0.0,landslide,continuous_rain,Assam,5km,nasa_glc,1,133,15,142,30,15.286346704708853,144,26.69998762706231,5857.5,9.034999832510948,138.4549974091351,195.95499582309276,296.3949938835576,439.5629904558882,0.4346581995487213,0.4483674466609955,3.871556488558591,0.8051554706175859
GLC7780,2015-08-26,Sailam village,23.3572,92.7878,1.0,landslide,continuous_rain,Mizoram,5km,nasa_glc,1,1375,3,47,45,23.766460619530495,204,805.279287539922,5551.5,25.924999244511127,118.58499836921692,280.974994613789,349.9449938740581,737.0324851321056,0.3889619708061218,0.4065045416355133,1.6798624046234139,0.5828467371697399
GLC7778,2015-08-26,Phullen’s main road,23.8447,93.0514,0.0,mudslide,continuous_rain,Mizoram,10km,nasa_glc,1,1075,32,260,42,23.033304503257803,247,17.968585805648335,7566.0,32.54499902576208,161.35499545745552,223.22499387525022,244.8249933756888,556.4609856391326,0.4085657000541687,0.42683306336402893,-0.5488837183524842,0.6052352724051041
GLC7836,2015-08-27,"National Highway 54, at Kawnpui town",24.042,92.6724,0.0,landslide,downpour,Mizoram,10km,nasa_glc,1,812,8,93,65,11.211046250561282,122,12.227950585730207,4027.0,104.12499830126762,166.6599968522787,278.65999557077885,345.06999425496906,680.2734856121242,0.3903968036174774,0.40744850039482117,0.6947320865405482,0.49215837279123936
GLC7933,2015-09-01,Maligaon,26.1868,91.6739,2.0,rock_fall,rain,Assam,1km,nasa_glc,1,48,1,0,10,2.4268530044132626,15,256.46213400538056,6309.0,37.574998900294304,117.08999730926007,159.44499654136598,438.8199902269989,580.029985865578,0.42607441544532776,0.43441128730773926,1.5277166942770206,2.4430419588636605
GLC7923,2015-09-01,Amingaon,26.49349035,91.72137514,2.0,landslide,rain,Assam,10km,nasa_glc,1,63,1,270,6,2.139360909891002,10,907.4615063289212,5350.333333333333,22.679999440908432,162.58499596640468,192.74999521113932,375.9199902191758,422.1499890377745,0.4190477430820465,0.39429211616516113,1.1963527762954005,4.117736129166651
GLC7956,2015-09-05,Byrnihat,26.048,91.8695,0.0,landslide,unknown,Meghalaya,1km,nasa_glc,1,73,10,150,18,5.206613349041645,39,44.79387965659698,3768.0,16.809999633580446,53.74499904271215,167.94249702524394,305.3824932714924,687.702484915033,0.4410201609134674,0.45984122157096863,-1.062075411656516,1.3254778535364502
GLC8012,2015-09-06,"Umling, Meghalaya 793102, India",25.9703,91.8584,0.0,landslide,unknown,Meghalaya,1km,nasa_glc,1,289,12,140,34,14.47453554142437,118,63.91556628019306,7738.666666666667,36.75999891757965,95.35499822720885,220.44499504566193,399.8149915728718,901.0799801312387,0.44129323959350586,0.44693127274513245,-1.0065708679279544,0.7063886976229508
GLC8224,2015-09-14,"Aizawl, Mizoram, India",23.7313,92.7187,0.0,landslide,downpour,Mizoram,5km,nasa_glc,1,1022,23,63,42,21.840563816032503,201,140.9118491497353,3112.0,4.529999827966094,19.83499946258962,42.619998721405864,121.62799762003124,409.67299048416317,0.364210844039917,0.3801170885562897,-7.544585234918038,0.6378674459531767
GLC8223,2015-09-14,"Aizawl, Mizoram, India",23.7348,92.7187,0.0,landslide,downpour,Mizoram,5km,nasa_glc,1,1041,14,27,40,20.712529578115078,189,88.75199844618037,2409.0,4.529999827966094,19.83499946258962,42.619998721405864,121.62799762003124,409.67299048416317,0.364210844039917,0.3801170885562897,-3.416229774287195,0.6677478176898133
GLC8339,2015-09-23,Kamakhya Temple,26.1666,91.7042,0.0,landslide,continuous_rain,Assam,1km,nasa_glc,1,231,14,219,34,12.884100939232775,100,752.4169443394162,7358.5,74.59999859333038,107.16499798744917,122.18499758001417,180.73999638762325,429.0879908911884,0.41924962401390076,0.42454564571380615,-0.9014104723316054,0.728037688441566
GLC8366,2015-09-23,"Shillong, Meghalaya, India",25.583,91.893,2.0,landslide,downpour,Meghalaya,5km,nasa_glc,1,1454,5,260,16,5.614124068914538,29,473.8134665678647,5445.5,74.6549980044365,117.20499688852578,165.404995826073,301.5149919940159,700.4054827801883,0.41979512572288513,0.40667760372161865,0.7901496938489672,1.5402573251539193
GLC9405,2016-04-19,"Techahan Ward, Mon, Nagaland, India",26.7223,95.0243,0.0,landslide,continuous_rain,Nagaland,1km,nasa_glc,1,689,12,32,36,12.212175812790683,59,263.43811055075474,4457.5,17.729999830015004,36.34499921929091,62.60999843943864,112.2799970889464,161.26949596218765,0.3334037661552429,0.32918989658355713,-0.6938231198480187,0.7673703573007222
GLC7655,2016-04-22,"Tawang, Arunachal Pradesh",27.5799,91.8569,17.0,landslide,continuous_rain,Arunachal Pradesh,5km,nasa_glc,1,2741,27,259,43,24.439811814138526,306,760.0413336046158,4818.5,35.29499949980527,62.61499910894781,86.61499816272408,123.01999734900892,167.73449627961963,0.3268515467643738,0.3218175172805786,0.7618259595297481,0.6507463744909935
GLC9404,2016-05-01,"Hayuliang, Anjaw district,Arunachal Pradesh, India",28.0822,96.5316,0.0,landslide,downpour,Arunachal Pradesh,1km,nasa_glc,1,554,25,286,52,16.88250016685577,213,51.55413966672962,3719.0,20.82499942276627,85.64999790396541,123.37999683432281,274.94499259255826,564.5369865484536,0.39759355783462524,0.4166722297668457,3.01075411840045,0.5165151348592341
GLC9335,2016-05-18,"Bilaipur, Hailakandi district, Assam, India",24.5202,92.7239,2.0,landslide,continuous_rain,Assam,1km,nasa_glc,1,47,2,253,5,2.051802060152791,11,64.63305148333353,6249.5,144.23499511927366,162.9649946950376,262.0999927315861,327.0499909417704,694.5899819042534,0.3584388792514801,0.3663669526576996,-0.26850161655051874,5.400636247133708
GLC9338,2016-05-18,"Sonachirra, Karimganj district, Assam, India",24.4638,92.4943,5.0,landslide,continuous_rain,Assam,10km,nasa_glc,1,87,14,8,24,11.461234794583426,64,525.9494803402832,7599.5,118.50499889999628,141.32999893371016,251.68499698583037,344.76499469857663,669.7444865312427,0.35855332016944885,0.3598056733608246,0.8938161848320139,1.1173902811409981
GLC9334,2016-05-18,"Bilaipur, Hailakandi district, Assam, India",24.5204,92.7264,2.0,landslide,continuous_rain,Assam,1km,nasa_glc,1,47,2,15,7,2.1279936685630387,13,157.80084891364967,6430.0,144.23499511927366,162.9649946950376,262.0999927315861,327.0499909417704,694.5899819042534,0.3584388792514801,0.3663669526576996,0.29907833863352096,3.856111829147395
GLC9168,2016-06-12,"NH 13 10 kilometers from Old Ziro, Arunachal Pradesh, India",27.6438,93.871,0.0,landslide,downpour,Arunachal Pradesh,10km,nasa_glc,1,1678,27,279,52,26.486642542830964,309,19.689373455699066,2067.3333333333335,2.0649999268352985,26.59499929752201,63.794998332858086,212.38049429375678,405.2454896941781,0.36791178584098816,0.3852112293243408,-2.7676022682485204,0.5318769284181086
GLC9142,2016-06-14,"lower Majakong Ward, Mokokchung, Nagaland, India",26.3185,94.5247,0.0,landslide,continuous_rain,Nagaland,1km,nasa_glc,1,1169,9,98,43,16.87950459358368,183,689.1857829335169,2472.0,29.15999934077263,109.20999670494348,177.32999501843005,205.92349409405142,392.26348970551044,0.39471080899238586,0.4054066240787506,,0.602540992082346
GLC8222,2016-06-22,"Piyali Phukan Nagar, Guwahati, India",26.1961,91.7825,1.0,mudslide,downpour,Assam,5km,nasa_glc,1,117,10,115,34,15.777884626262844,87,1386.6153989567183,5917.0,12.529999792575836,15.859999656677246,162.75499602779746,269.31499315053225,339.2559920651838,0.39437419176101685,0.39768195152282715,-0.7929354556263366,0.7524678007571706
GLC8237,2016-07-01,"Old Inspection Bungalow, Bhalukpong town, West Kameng, Arunachal Pradesh, India",27.0136,92.6351,5.0,landslide,downpour,Arunachal Pradesh,1km,nasa_glc,1,225,4,154,22,4.772066587289106,41,226.46338579972416,6076.666666666667,18.90999948233366,104.93499787151814,134.54999711737037,276.4049940118566,452.14399000257254,0.460829496383667,0.46593961119651794,,1.0700115652380893
GLC8900,2016-07-07,"Imphal-Ukhrul sector of National Highway 102, Manipur, India",25.0118,94.3136,0.0,landslide,monsoon,Manipur,25km,nasa_glc,1,1390,12,350,33,18.108282292714133,144,69.34086272276342,5373.5,0.019999999552965164,8.719999817200005,99.03449866361916,146.5194972064346,344.81949199270457,0.3717794120311737,0.3967830240726471,,0.7978670343610232
GLC8684,2016-07-07,"Kamrup district, Assam, India",25.9611,91.3681,2.0,landslide,continuous_rain,Assam,50km,nasa_glc,1,183,2,73,29,11.839230045458148,68,8273.821482736344,7139.0,23.46499979123473,63.224998869001865,181.19799648504704,276.08299420028925,526.0479895761237,0.42020317912101746,0.4315158426761627,0.028643134701714423,0.8497088760573106
GLC8901,2016-07-10,"National Highway 2, near Kohima, Nagaland, India",25.7902,94.1318,0.0,landslide,downpour,Nagaland,25km,nasa_glc,1,1288,14,88,29,14.05784317064587,113,81.95966769023657,5602.5,2.1599999368190765,4.439999846741557,54.734998589381576,168.56099533569068,383.9909903658554,0.39351052045822144,0.3945806920528412,,0.8816082476597511
GLC8930,2016-07-11,"North Point Colony, Akuluto, Nagaland, India",26.1699,94.4922,0.0,landslide,unknown,Nagaland,1km,nasa_glc,1,1177,25,313,43,25.16514280541348,171,277.1332295986745,6585.0,4.224999874830246,27.519999240525067,89.90999719221145,230.35649329517037,443.9664884628728,0.40025192499160767,0.4202849268913269,,0.5986047333176154
GLC8995,2016-07-14,"Noonmati Nijarapar area of the city, Guwahati, Assam, India",26.1963,91.8074,1.0,landslide,monsoon,Assam,5km,nasa_glc,1,169,16,127,28,13.670480005431457,95,1639.5185651246736,6504.666666666667,2.8799999803304672,13.61499984562397,117.19499785453081,275.6304937871173,454.3654903387651,0.36709606647491455,0.37026557326316833,-3.0140671991041454,0.9459148140016166
GLC8996,2016-07-14,"Pub Sarania hill, South Sarania, Guwahati, Assam, India",26.1768,91.7702,1.0,landslide,monsoon,Assam,1km,nasa_glc,1,109,32,107,40,14.760019461857025,132,302.9071075157254,2789.6666666666665,1.3149999473243952,12.054999782703817,128.62999879661947,304.52949478290975,506.7044898485765,0.4031335115432739,0.4115673005580902,-5.727570494711379,0.6370200273159778
GLC9051,2016-07-19,"12th Mile area at Jorabat, Meghalaya, India",26.09748244,91.8744337,0.0,landslide,unknown,Meghalaya,25km,nasa_glc,1,206,10,36,46,20.652494395253516,195,263.1706904318959,5508.666666666667,7.484999906271696,75.2449990119785,136.48499756213278,303.89499409589916,505.4034900525585,0.435853511095047,0.4547782838344574,,0.5420414954154915
GLC9124,2016-07-19,"Rongthragittim Songittal village, near Sibbari, South Garo Hills District, Meghalaya, India",25.203,90.5573,0.0,translational_slide,continuous_rain,Meghalaya,5km,nasa_glc,1,152,18,232,54,21.818699307559804,166,1415.146763638515,4076.6666666666665,47.21999924629927,84.36999852396548,166.6299964003265,303.1099926130846,522.6304878927767,0.44393685460090637,0.4614730775356293,,0.4825094784558466
GLC9186,2016-07-25,"Imphal-Dimapur road  in Tadubi, Senapati district, Manipur, India",25.48,94.1383,0.0,landslide,continuous_rain,Manipur,1km,nasa_glc,1,1698,18,128,27,15.478569152326326,132,101.16411279244852,4873.5,2.514999928884208,18.769999468699098,30.669999214820564,107.01999767776579,271.94349455367774,0.3935660421848297,0.4087081849575043,2.7204348688562168,0.9467199793143224
GLC9219,2016-07-26,"Zunheboto, Nagaland, India",26.0101,94.5282,0.0,landslide,downpour,Nagaland,5km,nasa_glc,1,1715,15,126,44,23.54167422044961,245,75.3118926856051,3120.5,44.51999877393246,72.41499825939536,116.61999775003642,221.14499526284635,419.6974897366017,0.4006117880344391,0.420001745223999,2.8675968527240165,0.5863743640762008
GLC9251,2016-07-28,"Government Middle School (GMS) Kiphire station “B”, Kiphire, Nagaland, India",25.8702,94.7844,0.0,landslide,downpour,Nagaland,1km,nasa_glc,1,1141,14,246,46,22.467255050992044,145,437.83040575172544,6478.666666666667,12.77499958127737,53.139998563565314,101.97999746818095,246.90499479230493,424.6159907532856,0.4090786874294281,0.43133336305618286,,0.5591694722852648
GLC9232,2016-07-28,"Ngur, near Mizoram-Myanmar border, India",23.5397,93.3783,2.0,landslide,continuous_rain,Mizoram,1km,nasa_glc,1,1574,11,188,48,27.037820031208447,286,854.6581708667267,4371.0,8.794999673962593,47.069998893886805,81.94999784044921,134.2549965530634,249.61949372384697,0.3736134469509125,0.35816746950149536,,0.5616113149843904
GLC9252,2016-07-28,"Dolma Lhakang complex, Lumla, Tawang,  Arunachal Pradesh, India",27.5748,91.8644,0.0,landslide,monsoon,Arunachal Pradesh,5km,nasa_glc,1,2685,10,66,41,18.280320557958614,174,144.30747553873073,6949.333333333333,22.01499968767166,79.29499808885157,112.74999713525176,172.94999582041055,352.6929915798828,0.37225541472435,0.38472920656204224,3.44585728558507,0.6462351488053006
GLC9464,2016-08-05,Babrang village under Jang circle in Tawang district,27.5754,91.9754,0.0,landslide,downpour,Arunachal Pradesh,5km,nasa_glc,1,2434,24,0,48,25.85534506845486,312,187.62696137764945,7805.5,6.69500008225441,14.794999958015978,55.27399873081595,179.88899608328938,332.6289923414588,0.3633324205875397,0.38385841250419617,2.2034582521374464,0.567743513068553
LS1,2016-09-17,Tlangval,23.73,92.72,5.0,Debris slide,Monsoon,Mizoram,exact,mizoram_paper_2026,1,1008,27,63,44,22.892530698919778,222,271.5359937464843,3528.6666666666665,44.59499909449369,49.594998930580914,174.05499590467662,202.5099952267483,454.1344892065972,0.37543433904647827,0.39395347237586975,0.29729704672398816,0.6036453371394004
GLC9620,2016-10-15,Rangpo,27.172,88.5292,0.0,landslide,downpour,Sikkim,5km,nasa_glc,1,364,25,351,51,14.82825189572396,153,51.54229897301868,4708.5,0.41999998688697815,48.78499874472618,105.72499784454703,141.04599713347852,355.505992137827,0.35519880056381226,0.3754718601703644,-1.005049478693044,0.5460274302283451
GLC9619,2016-10-15,Namchi,27.1695,88.3664,0.0,landslide,rain,Sikkim,5km,nasa_glc,1,1603,12,216,55,26.556511400980284,220,68.230268159974,6498.5,0.0,38.279999017715454,112.05499653145671,131.56049614958465,383.5754898414016,0.24360747635364532,0.21204259991645813,0.2568195849171051,0.5713166801245673
LS2,2017-09-17,College Veng,23.72,92.72,0.0,Shale failure,Monsoon,Mizoram,exact,mizoram_paper_2026,1,1096,31,78,44,24.948658756175252,192,152.14569144793919,2837.0,10.55999952275306,22.834999275393784,60.59499889239669,121.80999772436917,474.6689901370555,0.3602112829685211,0.37361758947372437,-2.354654956287118,0.6140878959382563
LS3,2019-07-02,Durtlang Leitan,23.77,92.74,3.0,Translational slide,Monsoon,Mizoram,exact,mizoram_paper_2026,1,1219,13,16,35,22.51935792838432,248,404.6669642819965,4214.666666666667,9.988999828696251,65.14899830520153,67.41399826481938,117.06399683002383,322.0939916456118,0.33673757314682007,0.3472094237804413,0.3839019294337218,0.7860168152429201
LS5,2021-06-13,"Ngaizel, Kulikawn",23.73,92.73,0.0,Rockslide,Monsoon,Mizoram,exact,mizoram_paper_2026,1,801,14,25,36,18.76798965919189,144,689.245589871143,5449.666666666667,14.769999623298645,173.5999978221953,208.10999729391187,242.58299639541656,333.5479946359992,0.3637973666191101,0.35867416858673096,-0.7058373430421341,0.739658644157511
LS6,2024-05-28,Melthum quarry,23.7,92.72,15.0,Quarry collapse,Cyclone Remal,Mizoram,exact,mizoram_paper_2026,1,1067,9,6,52,33.27746605707952,303,24.120109067431983,6716.666666666667,172.76999570801854,261.9999943263829,284.10999380704015,295.7649934897199,441.2249898137525,0.3283475935459137,0.2828817069530487,4.935536532165024,0.5523533660947689
LS7,2024-05-28,Hlimen,23.7,92.72,6.0,Debris slide,Cyclone Remal,Mizoram,exact,mizoram_paper_2026,1,1067,9,6,52,33.27746605707952,303,24.120109067431983,6716.666666666667,172.76999570801854,261.9999943263829,284.10999380704015,295.7649934897199,441.2249898137525,0.3283475935459137,0.2828817069530487,4.935536532165024,0.5523533660947689
LS8,2024-05-28,Salem Veng,23.74,92.72,3.0,Building collapse,Cyclone Remal,Mizoram,exact,mizoram_paper_2026,1,1000,20,169,53,25.526186409380465,299,110.36159052051526,4232.333333333333,172.76999682933092,282.8799945935607,319.0599939972162,330.15499371662736,447.8499912535772,0.3283475935459137,0.2828817069530487,1.2617249948995668,0.5449232812185487
LS9,2024-05-28,Falkawn,23.68,92.73,2.0,Debris slide,Cyclone Remal,Mizoram,exact,mizoram_paper_2026,1,652,24,118,45,26.902073759323848,281,512.6336016846448,7003.0,172.76999570801854,261.9999943263829,284.10999380704015,295.7649934897199,441.2249898137525,0.3283475935459137,0.2828817069530487,1.8634438672054516,0.6229997292333793
LS10,2024-05-28,Chawnpui,23.72,92.71,8.0,Debris slide,Cyclone Remal,Mizoram,exact,mizoram_paper_2026,1,1052,15,273,41,23.424828302649033,186,664.1558916157052,4615.333333333333,172.76999682933092,282.8799945935607,319.0599939972162,330.15499371662736,447.8499912535772,0.3283475935459137,0.2828817069530487,1.316726702827964,0.679694776032483
LS11,2024-05-28,Republic Veng cemetery,23.73,92.72,0.0,Multiple slides,Cyclone Remal,Mizoram,exact,mizoram_paper_2026,1,1008,27,63,44,22.892530698919778,222,271.5359937464843,5007.666666666667,172.76999682933092,282.8799945935607,319.0599939972162,330.15499371662736,447.8499912535772,0.3283475935459137,0.2828817069530487,0.8899107591661894,0.6359454289224422
LS12,2024-05-28,"BSUP, Durtlang",23.77,92.74,0.0,Debris flow,Cyclone Remal,Mizoram,exact,mizoram_paper_2026,1,1219,13,16,35,22.51935792838432,248,404.6669642819965,5269.0,172.76999682933092,282.8799945935607,319.0599939972162,330.15499371662736,447.8499912535772,0.32350483536720276,0.2818441092967987,1.0591163906887608,0.7985356869825995
LS13,2024-05-28,"NH-6, Hunthar",23.74,92.71,0.0,Road blockage,Cyclone Remal,Mizoram,exact,mizoram_paper_2026,1,901,39,23,46,26.05614994863982,283,7.635873542903735,6206.0,172.76999682933092,282.8799945935607,319.0599939972162,330.15499371662736,447.8499912535772,0.3283475935459137,0.2828817069530487,0.5041448298882774,0.6108135214105599
LS14,2024-05-30,Thuampui,23.75,92.73,1.0,Wall failure,Monsoon,Mizoram,exact,mizoram_paper_2026,1,888,33,104,46,26.556104372713545,263,303.9850815600827,5042.666666666667,1.0999999642372131,245.07499589771032,385.31999320164323,402.45999278500676,516.7499904474244,0.33600446581840515,0.3295883536338806,0.04973567660342271,0.6059153852802949
LS15,2024-07-02,Zemabawk,23.76,92.74,3.0,Debris slide,Monsoon,Mizoram,exact,mizoram_paper_2026,1,1050,28,156,50,27.494639291855652,303,698.7699953997046,5225.0,210.54999402165413,297.2599927224219,362.59999166522175,635.3199856691062,745.6449822373688,0.38937366008758545,0.402807354927063,0.22571238352940837,0.5352394826895452
LS16,2024-07-02,Zuangtui,23.76,92.73,0.0,Debris slide,Monsoon,Mizoram,exact,mizoram_paper_2026,1,1024,20,283,58,25.270898493854236,302,94.62191703271898,3761.3333333333335,210.54999402165413,297.2599927224219,362.59999166522175,635.3199856691062,745.6449822373688,0.3930166959762573,0.4048672914505005,3.636402899198293,0.4908753540061676
LS17,2024-08-28,Kawnpui,24.03,92.62,0.0,Landslide,Monsoon,Mizoram,exact,mizoram_paper_2026,1,117,20,14,30,15.557359868246778,161,2895.459933799016,5065.0,8.249999765306711,25.21999943256378,98.9549973346293,444.7099899491295,684.2799854418263,0.37730512022972107,0.39622390270233154,-0.2883171182078472,0.8709605826783335
LS18,2025-05-30,Thuampui,23.75,92.73,1.0,Wall failure,Monsoon,Mizoram,exact,mizoram_paper_2026,1,888,33,104,46,26.556104372713545,263,303.9850815600827,5131.666666666667,46.484999410808086,105.06999806780368,187.38499594200402,226.82499533053488,294.0799929462373,0.3416433036327362,0.31491705775260925,1.3542460350635315,0.6023081950010071
LS19,2025-05-30,Rangvamual,23.74,92.72,0.0,Rockfall,Monsoon,Mizoram,exact,mizoram_paper_2026,1,1000,20,169,53,25.526186409380465,299,110.36159052051526,3539.6666666666665,46.484999410808086,105.06999806780368,187.38499594200402,226.82499533053488,294.0799929462373,0.3416433036327362,0.31491705775260925,2.0978228226952655,0.5382863363450359
NEG1,2009-07-28,near_GLC57,27.36937,88.51116,,,,,,,0,1753,31,281,58,28.720512820512837,310,532.8820268472767,7835.0,14.244999717921019,134.7349965106696,152.16999593935907,248.51499341614544,409.18698931112885,,,,0.5604232393816504
NEG2,2020-06-28,near_GLC57,27.45938,88.53543,,,,,,,0,1384,46,274,74,29.073348922030416,380,713.3651323271091,5535.666666666667,16.15999947488308,53.839998511597514,78.76999805681407,259.69499427080154,371.3284926312044,0.3724348843097687,0.38793012499809265,2.0352645359676864,0.5914085938074636
NEG3,2023-01-06,near_GLC78,27.29488,88.65795,,,,,,,0,1424,32,317,53,26.742115110976645,218,142.7828373514286,7998.0,0.0,0.07499999646097422,0.09599999606143683,1.4359999623848125,2.705999913509004,0.21991875767707825,0.2520667314529419,-0.8819838355748555,0.5990487248136132
NEG4,2009-06-13,near_GLC78,27.43055,88.51402,,,,,,,0,669,35,277,63,30.04877721193128,282,75.73062812085601,5480.0,0.9199999766424298,4.949999900534749,34.05999897047877,117.83549687452614,247.7654941417277,,,,0.5435121924057005
NEG5,2022-05-18,near_GLC126,27.14001,88.44872,,,,,,,0,750,34,228,52,33.14317128720648,328,400.4655717613492,7258.5,0.0,31.394999546930194,32.60999950580299,51.769998801872134,152.74799624364823,0.22968298196792603,0.17271307110786438,-0.8211979845271427,0.6034172107652458
NEG6,2017-03-19,near_GLC126,27.07484,88.50698,,,,,,,0,1192,16,226,32,19.263841490794793,220,279.22709650195503,5497.5,0.8999999724328518,1.1349999643862247,1.1349999643862247,47.48999924957752,50.379999219439924,0.10511062294244766,0.07667219638824463,2.538926618725163,1.105314191659506
NEG7,2017-12-19,near_GLC141,25.32408,91.74504,,,,,,,0,1637,17,74,48,21.140284489833142,233,1053.3465512637747,6953.0,0.8699999898672104,1.6149999797344208,2.3699999675154686,28.35999952815473,28.573499524965882,0.4210931956768036,0.44119367003440857,0.7708261791456525,0.5332916498184007
NEG8,2015-02-07,near_GLC141,25.38177,91.76974,,,,,,,0,1418,29,323,50,32.336230365299414,341,987.0149227197196,8255.666666666666,0.0,0.0,0.10499999951571226,0.16499999817460775,1.919999965466559,,,-0.369948904302289,0.6266061999132846
NEG9,2023-10-21,near_GLC147,22.58906,93.03108,,,,,,,0,1186,30,105,48,28.116009172710037,318,44.63484459362425,8686.666666666666,0.0,0.0,0.0,7.030000060796738,124.23999814223498,0.29902565479278564,0.3496543765068054,1.071340101890934,0.606099783353995
NEG10,2009-11-03,near_GLC147,22.45456,92.89107,,,,,,,0,956,21,31,65,24.615382822786426,217,73.34718402069524,8922.666666666666,0.8349999897181988,0.8704999908804893,0.8704999908804893,2.1154999621212482,151.93549769744277,,,,0.5432490813184894
NEG11,2020-12-17,near_GLC148,22.40216,92.95641,,,,,,,0,206,5,154,43,14.13503747479339,153,84.39323905704441,8120.5,0.0,0.0,0.0,0.0,0.029999999795109034,0.27030348777770996,0.31212764978408813,-0.7501601983390582,0.6909165843992532
NEG12,2012-01-12,near_GLC148,22.58429,92.87155,,,,,,,0,1096,18,258,68,26.513807073505763,260,82.24492419710391,8307.333333333334,5.734999991953373,5.734999991953373,5.7949999906122684,5.828999990131706,7.193999990355223,,,,0.551876207544227
NEG13,2014-09-10,near_GLC212,25.53525,91.92438,,,,,,,0,1711,0,0,23,10.931880232981433,63,369.30175537735425,3443.0,0.0,13.009999609552324,70.17999827954918,159.51099679246545,1046.8659733012319,,,,1.3748505453139197
NEG14,2015-10-22,near_GLC212,25.59313,91.93331,,,,,,,0,1505,14,170,26,10.100831258031143,103,146.3141117241439,7791.333333333333,0.0,0.1599999964237213,1.6599999545142055,19.119999565184116,265.6824933271855,0.34410637617111206,0.34492841362953186,,1.0503338383813006
NEG15,2020-06-22,near_GLC213,25.27975,92.81672,,,,,,,0,1091,13,65,23,9.570447989236397,81,14131.60214402604,4528.0,0.29999998211860657,1.114999957382679,34.04999913740903,128.41999700665474,547.5709869954735,0.4605955481529236,0.483709454536438,-1.5802385349738444,1.0237165690967218
NEG16,2012-08-26,near_GLC213,25.22399,92.70826,,,,,,,0,1215,18,37,38,15.185527381400497,131,18371.92367271935,8594.5,15.88999954238534,21.789999461732805,56.64499873481691,148.54499690420926,209.97549580503255,,,,0.8194166200326815
NEG17,2007-05-02,near_GLC215,25.64494,93.78612,,,,,,,0,521,17,244,25,11.002148288757292,94,1476.6948825986717,5264.0,0.18050001561641693,0.18050001561641693,18.5254996297881,32.39549916330725,184.99549631029367,,,,1.2620264222578241
NEG18,2017-10-24,near_GLC215,25.71536,93.97041,,,,,,,0,1443,37,23,58,36.30403371462973,456,2893.8804073934643,6301.666666666667,0.2349999900907278,56.5699985679239,81.87499780394137,126.86999689694494,259.40849335025996,0.40238696336746216,0.41808250546455383,-0.7468855380130286,0.48699667826698256
NEG19,2020-01-15,near_GLC220,25.22109,93.99521,,,,,,,0,1159,4,97,25,7.704767879548307,60,326.8123279799125,4207.5,0.0,0.0,3.2899999199435115,31.902499211020768,36.11749910470098,0.3047473430633545,0.3160925507545471,0.16184001505916434,1.148737892665733
NEG20,2020-03-05,near_GLC220,25.05198,94.01899,,,,,,,0,862,20,179,36,22.549308966304967,214,255.42511705666126,6097.0,0.0,0.019999999552965164,0.03249999973922968,13.067499917000532,17.057499833405018,0.2939815819263458,0.3274421989917755,-1.5722299120186554,0.8033139850433046
NEG21,2008-03-05,near_GLC247,25.11208,93.91855,,,,,,,0,1339,10,322,34,14.753279371639294,109,3277.1347460636766,6460.5,0.0,0.0,0.08799999952316284,11.537999626249075,18.537999412976205,,,,0.9188098560839355
NEG22,2018-11-30,near_GLC247,25.13933,93.89026,,,,,,,0,2140,16,110,64,30.191727821591204,301,6437.938481408012,8368.0,0.0,0.0,0.0,3.6099999733269215,4.543499947525561,0.33527135848999023,0.3502444624900818,-1.163572906326226,0.5072217493619511
NEG23,2024-08-07,near_GLC256,27.26822,88.50838,,,,,,,0,1336,23,92,37,23.080444698472487,262,212.38986193925282,7243.0,34.72499926853925,89.53999837208539,175.31499676126987,314.8549924688414,589.6249870574102,0.374967485666275,0.39318060874938965,1.3302141560133283,0.7103066889446004
NEG24,2007-04-20,near_GLC256,27.31375,88.62798,,,,,,,0,1358,22,343,39,21.834367648706184,247,172.50753176486236,7278.0,3.199999908916652,5.204999851994216,19.054999719373882,41.479999244213104,69.15499855298549,,,,0.797946833385754
NEG25,2022-08-28,near_GLC255,24.17744,94.08888,,,,,,,0,1432,32,107,47,25.54531338064622,254,145.72877792792107,3180.5,16.949999414384365,17.96499938517809,53.2799986647442,114.9249975560233,267.9504936756566,0.3711773157119751,0.3896121382713318,-0.008210133099565198,0.5729012687205064
NEG26,2014-11-14,near_GLC255,24.38532,94.00764,,,,,,,0,842,7,116,31,11.20621468926554,95,65.6148318401931,7998.5,0.0,0.18999999202787876,0.9099999759346247,1.491999959340319,49.84199889260344,,,,1.0108602112162877
NEG27,2008-12-17,near_GLC258,24.51917,94.0469,,,,,,,0,905,17,8,33,14.291110779713911,156,2449.298190769957,6225.0,0.0,0.0,0.0,0.0,0.26999999210238457,,,,0.9475905605077413
NEG28,2025-04-27,near_GLC258,24.49517,94.20038,,,,,,,0,916,32,199,46,27.197895872054342,211,1255.4785566068788,7152.666666666667,0.2549999877810478,0.2549999877810478,3.9549998734146357,14.909999560564756,50.37499872595072,0.0930011048913002,0.16634106636047363,0.019122337135078382,0.7613657440657084
NEG29,2010-09-27,near_GLC269,27.26294,88.35428,,,,,,,0,2224,4,63,43,20.297776482718437,194,118.06025777316913,1846.5,0.05999999865889549,14.759999878704548,48.289998799562454,170.05999712273479,382.40949202049524,,,,0.7230989553986906
NEG30,2009-11-03,near_GLC269,27.26626,88.36953,,,,,,,0,1637,35,93,53,27.96141817896494,327,71.05675755541387,8814.666666666666,0.32999998796731234,1.155999966780655,2.9609999171225354,3.4309999066172168,149.86599576182198,,,,0.5965122732088496
NEG31,2022-04-04,near_GLC285,24.1904,92.69218,,,,,,,0,689,4,25,47,18.93756253522098,148,128.2303644296422,6491.5,0.7149999812245369,0.8484999807551503,1.423499976284802,6.213499908335507,6.488499914295971,0.20053260028362274,0.23786473274230957,-0.2775828022723319,0.6783134924899987
NEG32,2012-11-22,near_GLC285,24.36626,92.89966,,,,,,,0,154,19,151,36,16.958742045898315,100,71.54380026444751,8937.333333333334,0.0,0.0,0.004999999888241291,0.004999999888241291,51.080499223433435,,,,0.8662087320075671
NEG33,2013-12-11,near_GLC322,24.84141,93.4888,,,,,,,0,557,33,17,43,25.74645582800325,204,480.13413323849915,8456.0,0.0,0.03999999910593033,0.03999999910593033,0.040499999129679054,1.1504999268217944,,,,0.7230989553986906
NEG34,2018-06-13,near_GLC322,24.69381,93.51224,,,,,,,0,859,34,113,46,29.26303008087241,335,547.2113036588662,6753.0,137.73999612871557,243.62499364186078,248.0999934943393,360.89799123164266,393.14799030311406,0.3641912341117859,0.3419455885887146,10.61194775919273,0.5878841809895783
NEG35,2014-03-12,near_GLC545,25.13369,92.83114,,,,,,,0,628,17,154,35,22.02560180799216,241,3307.536454064183,7508.333333333333,0.0,0.004999999888241291,0.014999999664723873,0.5139999845996499,24.698999444022775,,,,0.8917264854581592
NEG36,2016-02-04,near_GLC545,24.98411,92.71811,,,,,,,0,34,2,144,33,6.4327904451682985,76,2506.198422679421,4925.0,0.0,0.03100000135600567,0.03100000135600567,7.655999799259007,7.955999786965549,0.35847020149230957,0.3850284814834595,-0.374016347581156,0.8114432021936384
NEG37,2013-12-30,near_GLC580,24.6693,94.04102,,,,,,,0,786,3,209,9,2.6690383712004038,14,125.5668516450152,3635.5,0.0,0.0,0.0,0.0,0.040499999129679054,,,,3.5557939043574724
NEG38,2020-05-13,near_GLC580,24.71174,94.12237,,,,,,,0,793,4,331,23,4.245281290086128,35,259.9372958718682,4510.333333333333,0.7700000014156103,0.8949999995529652,8.394999910145998,42.320499408990145,100.81049821898341,0.20827513933181763,0.24728427827358246,4.474637442000568,1.400951286772131
NEG39,2011-10-22,near_GLC585,27.02673,93.62242,,,,,,,0,285,28,49,56,23.008647507384076,156,81.6678833371912,8644.333333333334,8.694999887607992,8.694999887607992,18.384999574162066,20.419999518431723,105.11899794545025,,,,0.572718777640601
NEG40,2019-01-10,near_GLC585,27.2469,93.76587,,,,,,,0,314,23,117,45,21.20436712549883,202,59.72258407958136,6508.0,0.0,0.0,3.644999953918159,4.099999939557165,64.0049981479533,0.3954086899757385,0.396432101726532,-4.444439973501447,0.5785762146410186
NEG41,2014-08-01,near_GLC587,27.37013,94.18349,,,,,,,0,102,1,180,7,2.2656328724178465,13,274.1777183922476,3468.0,8.914999730885029,54.909998670220375,144.8449967429042,345.7799919825047,656.1149852247909,,,,4.576026277123324
NEG42,2017-05-06,near_GLC587,27.20674,94.062,,,,,,,0,97,2,287,17,2.9538584019196676,30,167.54494618878465,6897.0,23.039999172091484,35.82999864593148,88.52199770044535,180.84699536953121,257.8619933389127,0.31866636872291565,0.3087063133716583,0.6146112448929202,1.6685691975127865
NEG43,2020-08-04,near_GLC594,24.99409,93.92119,,,,,,,0,895,15,200,35,12.367684870924611,115,1723.3045237635677,5468.666666666667,5.35999995470047,22.802499670535326,58.30249895248562,152.38249667175114,284.11749288998544,0.39086270332336426,0.39840057492256165,1.907439341020889,0.7348115715618049
NEG44,2018-09-23,near_GLC594,24.78676,93.75512,,,,,,,0,1417,16,185,36,15.9365092082823,147,1540.2184635461713,5503.0,1.3049999922513962,8.059999793767929,17.00499958731234,66.61999846808612,188.1389963813126,0.3818551003932953,0.3906499743461609,-1.5694534884577314,0.7231942986792055
NEG45,2016-01-18,near_GLC692,25.72757,94.02373,,,,,,,0,1245,17,53,65,22.38824905728955,269,373.21435246983873,7142.333333333333,0.0,0.0,0.04999999701976776,0.2749999910593033,0.8744999654591084,0.2981595993041992,0.31948035955429077,,0.5206502421494701
NEG46,2022-10-05,near_GLC692,25.69392,94.09387,,,,,,,0,1354,15,339,31,14.643924331079932,162,406.3112823871498,5101.666666666667,8.509999913163483,38.78499911073595,76.13649807218462,136.45649678166956,257.52649407833815,0.3849487006664276,0.374362587928772,-0.32182196692932674,0.8345208590770099
NEG47,2023-03-20,near_GLC714,27.10867,93.94008,,,,,,,0,88,0,0,7,2.2364891408047587,11,139.70631229829823,4533.0,13.124999649822712,15.594999606721103,21.249999488703907,22.914999431930482,55.9134985236451,0.28949156403541565,0.28054291009902954,-0.21034163969037145,4.228088637193352
NEG48,2020-03-22,near_GLC714,27.22413,94.0888,,,,,,,0,96,1,0,9,2.6245655732191304,15,112.74203146507303,4976.333333333333,0.0,1.279999952763319,3.18999988399446,33.479998994618654,81.60299853328615,0.20549097657203674,0.26459333300590515,-0.5372585563381964,3.6373892302360633
NEG49,2018-03-10,near_GLC731,26.16044,94.22691,,,,,,,0,662,23,317,38,22.382632508034224,230,1228.8801291108837,6161.333333333333,0.0,0.0,14.954999674111605,30.36499948706478,35.48999936878681,0.28376585245132446,0.3189067542552948,-1.6300132945189638,0.7695904539733287
NEG50,2011-01-06,near_GLC731,26.26721,94.15197,,,,,,,0,445,20,298,46,18.973980595698478,143,503.65892842087845,8052.666666666667,0.0,0.009999999776482582,1.2534999521449208,1.2534999521449208,12.453499687835574,,,,0.6769254485667469
NEG51,2021-06-26,near_GLC755,27.31127,88.5946,,,,,,,0,1206,24,296,28,18.514966169287984,211,71.84914834615333,6610.0,37.57999874651432,52.67499861121178,100.06999756861478,237.74999422300607,451.6149891279638,0.36401811242103577,0.3831107020378113,0.692815960203899,0.9497495019966188
NEG52,2014-07-07,near_GLC755,27.43445,88.60741,,,,,,,0,1437,33,132,62,27.37473422707638,294,182.33106150758687,8056.0,0.2199999913573265,65.78499880246818,157.54199683945626,319.35699254088104,445.9319894183427,,,,0.5451583819451533
NEG53,2010-12-26,near_GLC760,25.63155,94.22774,,,,,,,0,1044,29,79,42,27.810305434622013,324,30.575137313909718,8188.0,0.0,0.029999999329447746,0.03999999910593033,0.1849999986588955,26.57749935798347,,,,0.7402858242480944
NEG54,2019-08-17,near_GLC760,25.71418,94.10627,,,,,,,0,1289,10,291,27,12.88565911285284,86,21.750323633646058,5384.666666666667,0.0,3.104999914765358,60.954998986795545,183.13499693851918,323.1409941278398,0.3828791081905365,0.38643231987953186,-0.02252550913995588,0.9606140502421625
NEG55,2025-02-25,near_GLC870,27.29117,92.25984,,,,,,,0,3007,16,14,41,18.859649319365854,169,5512.933229005482,4707.666666666667,0.2349999975413084,1.0349999768659472,1.8999999547377229,2.5949999298900366,5.139999870210886,0.3014407753944397,0.30813607573509216,0.7236990559205143,0.7001989158657764
NEG56,2025-04-07,near_GLC870,27.40774,92.38923,,,,,,,0,2190,25,295,51,24.854481955762537,263,9128.153417637926,7243.0,41.00499922130257,43.074999157339334,44.83999911695719,52.92499889712781,72.92999841272831,0.3312281370162964,0.34169667959213257,-1.2369492746333206,0.5588859663988701
NEG57,2011-04-23,near_GLC869,27.23402,94.08321,,,,,,,0,93,1,228,9,2.5665979011570537,13,958.1896907440489,6157.0,0.7549999840557575,11.279999867081642,45.55499896686524,92.8349975971505,187.42599530611187,,,,3.5557939043574724
NEG58,2025-04-09,near_GLC869,27.18553,94.01994,,,,,,,0,92,1,132,6,1.7683275577835333,9,1213.0337655126832,5413.0,0.8249999759718776,2.4499999321997166,38.52999817021191,39.799998147413135,111.67999630514532,0.19620761275291443,0.23269809782505035,0.5298776308583975,5.522215783985461
NEG59,2022-02-15,near_GLC868,26.47147,91.21208,,,,,,,0,52,1,180,9,2.842828123236655,15,1766.5384149499816,6677.0,0.0,0.0,0.0,62.650498553179204,62.71549855079502,0.2757608890533447,0.2837476432323456,-1.411016851413601,3.3434895161092157
NEG60,2018-03-15,near_GLC868,26.46791,91.33755,,,,,,,0,50,4,312,10,2.9929003566752437,15,3501.0818858145417,5196.0,0.0,1.0449999533593655,1.0449999533593655,25.179999612271786,38.724999122321606,0.25327253341674805,0.2746804356575012,-1.719152504131717,3.0922321696524486
NEG61,2022-09-01,near_GLC1061,27.43095,88.59101,,,,,,,0,1656,20,181,42,21.570205575263824,204,46.09681378089701,8477.666666666666,18.629999497905374,22.24499940313399,36.96499908156693,237.89999543316662,403.014991203323,0.36343780159950256,0.3811195492744446,0.21875161459666703,0.6384361786093604
NEG62,2008-04-21,near_GLC1061,27.36188,88.50039,,,,,,,0,1459,16,297,30,16.889408919394036,174,54.45184857225697,5932.0,0.0,3.1449998766183853,11.254999632015824,41.05499881412834,94.506497528404,,,,1.0457106679945398
NEG63,2012-04-18,near_GLC1084,27.77309,92.86713,,,,,,,0,1964,39,17,74,35.867885589344304,451,36341.82401641597,6499.5,0.3499999903142452,7.529999790713191,32.924999322742224,71.02999844774604,108.09399760887027,,,,0.6194138117437322
NEG64,2014-11-11,near_GLC1084,27.84337,92.85095,,,,,,,0,3320,9,136,15,9.21470696440317,103,44089.03457821634,4947.0,1.3949999706819654,2.3449999382719398,4.649999876506627,10.48449969291687,39.08449898567051,,,1.448318845180216,2.1247633730766076
NEG65,2021-08-29,near_GLC1109,25.51608,93.21361,,,,,,,0,263,6,266,22,10.161076345431793,52,8020.730080746621,5628.0,5.269999898970127,82.44499818235636,93.15999789536,131.6399970566854,255.3964936900884,0.3882906138896942,0.39053937792778015,1.4973831571682288,1.1711890630300636
NEG66,2019-10-18,near_GLC1109,25.48696,93.26621,,,,,,,0,246,20,304,29,13.06667121915688,97,7542.340281458242,8532.333333333334,0.009999999776482582,1.9849999584257603,1.9849999584257603,49.27499869186431,229.42349438834935,0.37673211097717285,0.40079742670059204,-1.0727442448014441,0.9016594806858513
NEG67,2008-12-14,near_GLC1112,27.28166,88.63952,,,,,,,0,1396,23,348,34,20.33508891852217,234,28.56865590109182,7918.5,0.0,0.0,0.7199999829754233,0.9309999764664099,2.915999910677783,,,,0.9188098560839355
NEG68,2017-04-20,near_GLC1112,27.16053,88.63568,,,,,,,0,640,18,63,50,26.77090297251823,263,28.773459251480734,6004.5,15.074999446980655,15.074999446980655,18.53999935463071,19.04499934054911,93.93049799557775,0.1648942530155182,0.20306240022182465,-1.1947877963249534,0.6600158397870124
NEG69,2011-11-30,near_GLC1108,24.93388,93.5025,,,,,,,0,1316,38,46,64,34.074595805986846,363,463.79179047037513,8892.5,0.0,0.0,0.0,0.08500000089406967,0.09800000116229057,,,,0.5428493655263809
NEG70,2009-06-17,near_GLC1108,24.95149,93.48576,,,,,,,0,1120,29,219,54,28.143415637860073,370,226.37853308064842,8128.0,0.9699999690055847,12.064999707043171,30.954999294131994,96.69999722763896,182.86499527469277,,,,0.5878807401939672
NEG71,2017-05-18,near_GLC1125,27.40124,88.84644,,,,,,,0,4220,30,124,47,31.01613119892532,372,310.95869623577846,3011.0,1.3449999503791332,15.33499959204346,23.899999421089888,67.4749985365197,132.40449646953493,0.30079641938209534,0.30774402618408203,-1.3168978952755683,0.6163776035979126
NEG72,2024-01-23,near_GLC1125,27.26605,88.79556,,,,,,,0,3683,19,201,48,23.74765496296132,240,261.41484560892354,3737.0,0.0,2.1199999526143074,2.1199999526143074,2.169999949634075,3.449999922886491,0.2337033599615097,0.2567943334579468,-0.3889878161906948,0.6450617738265145
NEG73,2014-07-03,near_GLC1127,25.17297,93.18129,,,,,,,0,1007,21,173,59,26.86087938924329,259,665.9025893807745,7452.0,17.989999905228615,55.266999256797135,74.57699893973768,262.20199253596365,482.6969883656129,,,,0.5553949991701417
NEG74,2022-03-28,near_GLC1127,25.16591,93.14419,,,,,,,0,939,13,351,39,20.8500382293533,194,303.5716136901826,7387.666666666667,2.9749998841434717,56.26999835856259,84.60999774746597,84.60999774746597,84.67049775086343,0.32834354043006897,0.33128082752227783,-0.6333895548970823,0.7134079724703775
NEG75,2015-10-26,near_GLC1129,24.71663,94.30014,,,,,,,0,1036,35,176,46,30.527039717806577,348,4509.176456955761,6996.0,0.0,0.0,0.0,19.829999710433185,98.30149783752859,0.32070454955101013,0.35289275646209717,2.385930413464874,0.6157028115285549
NEG76,2017-06-04,near_GLC1129,24.87515,94.3758,,,,,,,0,645,8,116,42,25.989934344474182,139,5110.493241851159,8367.5,14.349999670870602,20.476499497890472,122.53149660117924,146.52649600990117,211.8964943960309,0.2580801546573639,0.25255367159843445,1.5699100747941914,0.7159485262658998
NEG77,2010-10-21,near_GLC1168,27.12964,88.50657,,,,,,,0,331,8,261,26,10.14993211933533,101,89.0304620134117,8186.333333333333,1.5649999715387821,2.714999911375344,55.32499876525253,63.609998527914286,103.02399752940983,,,,1.2121029133401509
NEG78,2007-06-08,near_GLC1168,27.04704,88.68459,,,,,,,0,1539,16,123,36,20.65302043566136,232,25.23246839487374,1881.5,2.559999957680702,7.844999819993973,27.505999138578773,51.76099855918437,185.69099502358586,,,,0.8662087320075671
NEG79,2025-03-27,near_GLC1222,23.73729,92.80707,,,,,,,0,215,14,274,41,24.091930010849246,188,363.38114815589404,6656.333333333333,0.0,0.0,1.1049999576061964,2.2449999125674367,2.249999912455678,0.07936416566371918,0.1784345656633377,-1.1404253997609768,0.8694307378518704
NEG80,2022-11-04,near_GLC1222,23.82873,92.74371,,,,,,,0,1173,30,165,41,24.51036272417967,265,236.69400026422605,8441.333333333334,0.3499999940395355,0.3549999943934381,0.3549999943934381,83.20499849086627,110.99499790882692,0.3006645143032074,0.3371277451515198,0.9164269751395171,0.7007904598332635
NEG81,2022-08-06,near_GLC1596,24.66462,94.05024,,,,,,,0,786,1,246,6,2.5925225720702154,10,971.8898154535311,3726.5,22.294999442994595,66.03999844193459,89.46499776188284,161.12499678693712,301.07499301433563,0.3977932035923004,0.41271787881851196,0.6145173446748835,4.25169570028071
NEG82,2023-10-22,near_GLC1596,24.86298,93.82315,,,,,,,0,809,2,124,7,2.739773507206589,13,1167.4996555595646,8084.0,0.0,0.0,0.0,14.82999954931438,71.31999885570258,0.28187575936317444,0.3181702196598053,-2.944048758544728,4.269176570839559
NEG83,2019-05-27,near_GLC1611,25.24508,93.0215,,,,,,,0,479,25,223,30,14.388899026070284,144,629.9980924313911,7620.666666666667,0.40999998059123755,26.719999509863555,97.53499791305512,160.01999679394066,360.2919925209135,0.36089202761650085,0.37002015113830566,1.2715127901218306,0.8897924468345546
NEG84,2017-05-20,near_GLC1611,25.11482,92.99818,,,,,,,0,459,15,14,37,14.419874868703477,155,313.9311030201945,7462.5,16.72499966621399,35.904999390244484,66.79999880399555,113.7999973371625,244.60149450413883,0.35810327529907227,0.354045033454895,-1.1125814832688157,0.7251316604726517
NEG85,2018-12-18,near_GLC1613,27.88795,93.431,,,,,,,0,934,22,7,38,21.52236959429335,236,511.720049124707,8458.5,7.8699999107047915,8.774999895133078,8.774999895133078,8.844999893568456,12.666999758221209,0.29600879549980164,0.30544593930244446,0.6764828877396649,0.7592099542793287
NEG86,2019-06-20,near_GLC1613,27.89673,93.36971,,,,,,,0,890,34,352,54,31.58770766710865,346,631.7993392674325,7760.0,9.709999695420265,40.854999117553234,85.72999764140695,132.6749965408817,304.01649331394583,0.3740255832672119,0.3899685740470886,1.7277119303751851,0.5161568005733399
NEG87,2019-08-23,near_GLC1755,27.34132,88.60756,,,,,,,0,1549,24,229,39,20.521228343282083,218,26.6556223937545,6449.5,12.209999863058329,16.52999977581203,53.82999899610877,99.25999805424362,320.4604933010414,0.33462807536125183,0.35535210371017456,-0.13861798163991423,0.7082669890837612
NEG88,2016-03-06,near_GLC1755,27.2921,88.59402,,,,,,,0,850,31,206,53,23.20139838200031,257,41.37653845077018,5181.333333333333,8.084999838843942,11.964999763295054,16.66449967212975,17.389499684795737,26.424499390646815,0.18995419144630432,0.2252219170331955,-3.851967962344037,0.6140064196590715
NEG89,2014-01-16,near_GLC1756,27.35073,88.61398,,,,,,,0,1615,24,261,41,24.359061642685177,279,68.1683143686398,6110.0,0.029999999329447746,0.17999999783933163,0.7749999817460775,1.6479999567382038,4.22299991780892,,,,0.7584500378984689
NEG90,2022-09-28,near_GLC1756,27.31676,88.60518,,,,,,,0,1505,5,61,56,24.161993525187917,156,104.54875509323443,4648.0,7.249999724328518,25.929999308660626,35.534999027848244,109.1749974032864,273.1924937115982,0.35181283950805664,0.37058308720588684,-0.9331808781887112,0.5160566432067205
NEG91,2024-10-08,near_GLC1771,26.2903,91.73096,,,,,,,0,52,3,351,41,10.705174869441365,143,1749.2119256602334,5036.0,0.0,32.16499923914671,157.38499561417848,266.73499355092645,301.5249923011288,0.3784390687942505,0.36502090096473694,0.9290269868400447,0.6415229414006132
NEG92,2015-01-29,near_GLC1771,26.06458,91.84777,,,,,,,0,138,12,2,40,18.806966075777314,161,2382.788738234032,6768.0,0.02499999850988388,0.02499999850988388,0.02499999850988388,9.874999966472387,10.61199994944036,,,,0.7776488575672658
NEG93,2021-11-30,near_GLC1770,26.30744,91.68102,,,,,,,0,50,0,0,5,1.4807066323070657,10,1737.7866792592054,6086.0,0.0,0.0,0.0,0.0,0.0,0.31926700472831726,0.3250716030597687,0.07661996423144934,5.697231938436715
NEG94,2014-02-09,near_GLC1770,26.27973,91.72775,,,,,,,0,275,9,108,33,19.00993680688228,147,1416.5927282295575,6517.333333333333,0.0,0.0,0.0,0.026000000536441803,1.3559999717399478,,,,0.9475905605077413
NEG95,2019-12-11,near_GLC1775,27.90382,96.12369,,,,,,,0,188,1,66,8,2.640550479162023,13,2318.4125843820125,7235.333333333333,0.0,0.0,0.0,0.5864999878685921,7.556499854428694,0.31820550560951233,0.3322334289550781,0.9263973671255954,3.562937083316334
NEG96,2016-02-01,near_GLC1775,27.79246,96.22999,,,,,,,0,248,3,109,10,3.6302575370579,17,1188.2911115688623,6318.0,2.6799999438226223,2.6799999438226223,10.2049998100847,12.779999724589288,17.2549995938316,0.2292468547821045,0.25005388259887695,-3.7326723126828245,3.1824929653918628
NEG97,2024-09-11,near_GLC1857,25.26717,92.16119,,,,,,,0,749,22,130,49,22.893188607392872,219,2220.326570486676,6580.5,0.5299999956041574,6.854999916628003,12.259999768808484,57.669998929835856,466.8099892018363,0.3972812294960022,0.4197039306163788,0.42435110462807657,0.5388547685659751
NEG98,2020-03-11,near_GLC1857,25.32232,92.34512,,,,,,,0,1054,22,277,40,16.218071163182973,118,2476.857344785439,6999.333333333333,0.0,0.0,6.1699998416006565,14.546999575570226,14.676999573595822,0.2857975959777832,0.31032153964042664,1.4694898163899008,0.7296517416379082
NEG99,2019-04-17,near_GLC1930,28.49729,95.82225,,,,,,,0,515,3,57,64,25.755498675885608,199,333.9343702449659,7620.0,0.10999999940395355,3.0549999065697193,5.8699998408555984,88.09999820590019,224.52449527010322,0.4376692473888397,0.4547834098339081,1.5255315818844783,0.47413797555438275
NEG100,2021-11-03,near_GLC1930,28.51883,95.82536,,,,,,,0,670,35,333,56,33.32645328547213,427,197.02451086849806,9069.0,0.0,0.007500000298023224,0.22250000201165676,195.55249516945332,246.32749385666102,0.4349895715713501,0.45203840732574463,2.13865850029348,0.478891864054829
NEG101,2010-05-23,near_GLC1929,27.40235,88.51996,,,,,,,0,576,11,213,62,26.821100352605363,198,92.12625177799397,5497.5,0.3999999947845936,16.959999416954815,24.649999195709825,45.32499873358756,120.6109970221296,,,,0.5451583819451533
NEG102,2023-08-06,near_GLC1929,27.34774,88.61397,,,,,,,0,1613,17,284,44,25.398304420378317,297,109.47124966897657,5511.5,6.634999820962548,28.2599994270131,60.59599888883531,157.410996703431,386.5709906248376,0.35576510429382324,0.3749678432941437,1.293137539404765,0.617137840837821
NEG103,2021-12-09,near_GLC1935,23.75966,91.65238,,,,,,,0,109,2,239,17,6.680315287763556,35,44.277915386758494,8181.0,0.0,60.75999905727804,99.94999812915921,100.01999812945724,116.65999787859619,0.33909204602241516,0.34640252590179443,1.104316008141593,1.6243124282550896
NEG104,2022-10-19,near_GLC1935,23.80926,91.64806,,,,,,,0,83,1,270,20,4.31940295064192,23,69.02370399074537,7620.0,0.09999999403953552,0.41499998420476913,8.599999634549022,41.36499908845872,263.57849454972893,0.3435696065425873,0.37518295645713806,-0.3032682787538903,1.3703539387315131
NEG105,2013-11-22,near_GLC1934,24.6786,92.29736,,,,,,,0,22,1,312,10,2.4637672857257424,16,441.48003092214725,7483.666666666667,0.0,0.0,1.5649999380111694,1.5649999380111694,38.92299892799929,,,,3.198447748515856
NEG106,2021-08-01,near_GLC1934,24.63159,92.46826,,,,,,,0,22,3,324,10,3.8139404288481153,21,1196.2493354787498,6398.0,2.7449999349191785,26.969999206252396,49.77999852411449,199.39499480370432,377.74499030970037,0.48754507303237915,0.4881388247013092,-2.5544374807025587,2.3531572012559634
NEG107,2020-03-28,near_GLC1954,24.89013,93.62557,,,,,,,0,760,26,142,53,27.204732604419224,300,2832.9232469880217,7902.666666666667,0.0,0.0,1.654999959282577,4.854999917559326,17.58199986256659,0.21684643626213074,0.2783265709877014,-0.26133924215289994,0.6005823644410995
NEG108,2009-03-19,near_GLC1954,24.89534,93.6104,,,,,,,0,1094,13,11,43,24.651486212930447,194,3547.7994364255273,7081.0,0.0,0.599999975413084,1.304999970830977,1.3249999703839421,18.915999598801136,,,,0.7230989553986906
NEG109,2012-02-17,near_GLC1961,25.85681,91.20653,,,,,,,0,215,16,291,35,19.113626049466752,246,10442.402847304367,6371.5,0.16499999538064003,0.16499999538064003,0.9849999779835343,1.429999964311719,1.8129999549128115,,,,0.8917264854581592
NEG110,2012-10-21,near_GLC1961,25.73765,91.17843,,,,,,,0,900,13,146,27,14.661150172082833,104,8736.86256134426,8975.666666666666,0.0,0.33999999053776264,0.8449999783188105,85.3949993243441,569.1859888657928,,,,1.1658725021419152
NEG111,2007-04-22,near_GLC1994,25.10134,92.86367,,,,,,,0,381,6,99,35,19.71184698829574,125,469.7111878222175,6297.0,8.479999898932874,41.30499882809818,47.14999863319099,193.76999482139945,229.6374938301742,,,,0.8917264854581592
NEG112,2019-05-18,near_GLC1994,24.95482,92.75298,,,,,,,0,24,2,312,10,2.4610381445538,12,394.2831324286926,7134.0,35.76499943155795,62.9099989188835,96.57999784499407,168.3849961189553,273.18349331151694,0.3784942030906677,0.3739548325538635,-0.31758152289926045,2.6217935310414937
NEG113,2011-12-24,near_GLC1996,26.45734,95.02103,,,,,,,0,1342,35,173,51,32.38754360415891,338,2113.491895313844,4394.666666666667,0.0,0.0,0.0,0.0,1.0949999638833106,,,,0.6158697182021489
NEG114,2019-03-16,near_GLC1996,26.53217,94.87435,,,,,,,0,692,15,71,37,16.69522842639595,165,2512.6985024988767,7704.5,0.0,0.0,1.0249999836087227,6.526499880477786,43.94649903103709,0.2365681529045105,0.2736681401729584,-1.2439279279817619,0.8319706223882157
NEG115,2014-04-03,near_GLC2026,25.62952,91.34611,,,,,,,0,1411,5,84,32,7.866706834614163,63,2152.598880729764,3836.5,0.0,0.024500001221895218,0.024500001221895218,10.379499721340835,11.239499696530402,,,,0.9782176467120023
NEG116,2008-07-23,near_GLC2026,25.51753,91.32329,,,,,,,0,1526,11,272,24,10.632704144906763,50,2553.489581137453,420.5,95.55999739468098,204.10999478865415,248.85999378748238,703.0749861458316,1040.3564783539623,,,,1.3160975787516667
NEG117,2018-03-29,near_GLC2045,26.34175,94.95382,,,,,,,0,1063,35,277,59,31.538996915498192,344,171.45532795210528,6381.666666666667,0.04999999701976776,9.264999708160758,9.464999696239829,18.81999953929335,37.94399911351502,0.25347983837127686,0.2719823718070984,-2.306082307050931,0.5440591638942989
NEG118,2017-08-15,near_GLC2045,26.31359,94.88005,,,,,,,0,1127,23,51,40,21.00242990020456,228,182.3613328907663,8388.0,5.5049998834729195,78.79499866161495,197.0699961455539,311.50249318033457,481.40248892921954,0.40584176778793335,0.42626509070396423,-0.6429556544539246,0.6348819742095881
NEG119,2019-04-06,near_GLC2044,25.79896,94.75329,,,,,,,0,756,28,255,39,22.400006811911794,217,20.768175307396884,5795.5,3.874999958090484,7.954999794252217,18.517499651759863,26.237499470822513,63.60749891959131,0.2970423996448517,0.30173876881599426,4.463772450413934,0.7390134701756232
NEG120,2010-11-01,near_GLC2044,25.98307,94.83554,,,,,,,0,1271,13,71,37,22.595613985379945,186,63.26697756385368,8623.0,0.2049999963492155,0.2049999963492155,2.344999928958714,20.494999603368342,175.0249954946339,,,,0.8421399415384938
NEG121,2008-10-02,near_GLC2042,25.97606,94.51143,,,,,,,0,1764,15,53,38,20.193031769599564,170,30.36538850410145,6770.666666666667,5.392999869771302,9.802999728359282,31.402999233454466,128.35299680940807,245.46799436304718,,,,0.8194166200326815
NEG122,2021-11-29,near_GLC2042,25.73279,94.56885,,,,,,,0,1055,16,353,58,28.02657490375114,265,31.21016722935819,8190.0,0.0,0.0,0.9749999772757292,5.129999835975468,12.904999606311321,0.3123832643032074,0.33546388149261475,-0.1299484841123837,0.5242523028316675
NEG123,2020-10-23,near_GLC2098,26.70159,94.88607,,,,,,,0,1117,24,330,45,25.427216615606394,296,142.13659236338847,8230.0,17.81499943137169,43.10499942116439,58.13499922864139,60.519999181851745,267.3799945153296,0.39102301001548767,0.40246084332466125,-0.5326765352491831,0.5814814358211629
NEG124,2018-04-30,near_GLC2098,26.59688,94.96406,,,,,,,0,615,12,168,23,9.621834907893847,109,103.49878125547085,5170.0,10.219999641180038,18.344999451190233,18.47999944537878,54.469998348504305,133.70199621189386,0.27632206678390503,0.2777830958366394,-0.11948816112515104,1.2947575614138436
NEG125,2022-06-15,near_GLC2106,26.8655,94.9966,,,,,,,0,156,6,99,20,7.2257462266909585,68,6379.761968212987,6360.0,23.294999428093433,67.28499872703105,176.91499603167176,261.1739942962304,445.14398971758783,0.3691408038139343,0.36825037002563477,0.7165335663755252,1.3238138229122334
NEG126,2008-12-16,near_GLC2106,26.87865,94.90962,,,,,,,0,132,4,223,10,3.3378167137121726,15,8354.19127652517,7891.0,0.0,0.0,0.0,0.001500000013038516,0.001500000013038516,,,,3.198447748515856
NEG127,2012-01-20,near_GLC2113,27.31705,88.49706,,,,,,,0,1347,28,289,55,30.302801518936306,348,887.2907108178855,7489.333333333333,0.054999999701976776,0.054999999701976776,1.0999999959021807,1.7449999852105975,16.605499636381865,,,,0.5799475888331223
NEG128,2021-09-11,near_GLC2113,27.29254,88.50045,,,,,,,0,2147,28,22,40,24.62299435281462,284,1887.7002996156893,4947.0,16.869999535381794,23.694999375380576,101.49999784585088,236.25549463927746,535.095488066785,0.3664734661579132,0.3863452970981598,0.4620573119028055,0.6659615737708682
NEG129,2017-08-29,near_GLC2112,27.55556,88.76553,,,,,,,0,4699,26,164,57,28.54176448230376,344,13208.078694591935,1438.5,1.5949999541044235,28.749999256804585,55.0999989323318,81.2199981585145,225.9889947194606,0.3505260944366455,0.36091291904449463,2.5223618233658707,0.5122052439364376
NEG130,2014-08-23,near_GLC2112,27.50762,88.68216,,,,,,,0,3409,40,339,59,35.58363248006622,468,9107.483151352368,1946.5,31.34499927610159,97.27999778278172,108.75999746005982,181.0099956318736,320.48249234445393,,,,0.5553949991701417
NEG131,2017-01-03,near_GLC2140,24.94625,92.75712,,,,,,,0,39,13,287,19,7.232924793634095,51,96.76626251964733,5838.333333333333,0.07499999739229679,0.07549999741604552,0.07549999741604552,3.6154999406426214,3.6154999406426214,0.4056178033351898,0.4262586236000061,,1.3238398240116556
NEG132,2023-03-07,near_GLC2140,24.89944,92.91607,,,,,,,0,32,7,277,17,5.243435498627626,46,322.31337835172826,4441.333333333333,0.0,0.0,0.05700000375509262,6.8419997887685895,6.8419997887685895,0.22547923028469086,0.31979605555534363,-1.8983505653632715,1.8704798427841003
NEG133,2008-03-05,near_GLC2164,25.2194,94.38902,,,,,,,0,1849,27,127,39,23.25805237465212,285,76.20364672765885,5446.5,0.0,0.0,0.04450000077486038,1.7844999302178621,4.709499844349921,,,,0.797946833385754
NEG134,2014-07-24,near_GLC2164,25.39981,94.54644,,,,,,,0,908,2,331,26,6.061290506293073,55,111.18880178995498,5563.5,31.76999877113849,91.5549971954897,141.554996795021,187.36999579053372,219.6814950602129,,,,1.2121029133401509
NEG135,2010-03-13,near_GLC2166,24.8327,93.51823,,,,,,,0,396,20,164,54,24.699892438667153,188,72.08046872057548,6161.0,0.0,0.0,0.09499999601393938,26.639499554410577,31.239499418064952,,,,0.5878807401939672
NEG136,2009-03-07,near_GLC2166,25.07408,93.60852,,,,,,,0,1044,14,148,39,18.033471513241285,181,53.56946459375188,5971.333333333333,0.0,0.0,0.06400000117719173,19.398999360390007,19.398999360390007,,,,0.797946833385754
NEG137,2014-03-20,near_GLC2182,24.79008,93.9242,,,,,,,0,781,1,0,7,1.9824639721621282,11,36.700198640315655,1952.0,0.3149999948218465,1.129999983124435,2.589999948628247,4.814999898895621,7.830499859526753,,,,4.576026277123324
NEG138,2025-01-23,near_GLC2182,25.21272,93.60604,,,,,,,0,319,5,151,31,9.693206186978141,103,83.03473774606695,8100.333333333333,0.0,0.0,0.0,0.0,0.11999999731779099,0.13622525334358215,0.26892662048339844,-0.5563694696657446,1.1087320991809708
NEG139,2025-01-31,near_GLC2205,23.81643,92.65808,,,,,,,0,116,6,291,26,9.407675271645095,100,153.15207320096937,5853.5,0.0,0.0,0.0,0.0,0.0,0.12055089324712753,0.21589761972427368,-1.4725348422949214,1.3539646332821307
NEG140,2011-04-23,near_GLC2205,23.69218,92.57358,,,,,,,0,997,17,157,39,22.50871096230444,200,344.1548940296372,6856.5,3.3399999057874084,11.149999723769724,15.55999963823706,19.11499958485365,99.81799710355699,,,,0.797946833385754
NEG141,2022-02-13,near_GLC2243,25.60835,93.90477,,,,,,,0,1593,17,175,35,18.267826284674836,210,58.98488338302537,7886.5,1.7149999560788274,3.429999891668558,4.054999873042107,40.344999209977686,53.77499881666154,0.25947657227516174,0.28153911232948303,-0.7640045579620551,0.8591098196158609
NEG142,2016-11-14,near_GLC2243,25.84091,94.09601,,,,,,,0,1002,22,335,38,24.833838297872333,268,136.02029374124143,8717.5,0.0,0.2299999948590994,13.574999574571848,68.37749843485653,94.27749779634178,0.34379908442497253,0.35137179493904114,-0.0020155072928691453,0.7186897070152845
NEG143,2013-03-11,near_GLC2249,26.03162,94.70625,,,,,,,0,1893,17,358,50,30.74429089261443,290,8288.745209804394,7882.333333333333,0.0,1.9049999443814158,1.9049999443814158,1.9329999452456832,7.39299978595227,,,,0.6266061999132846
NEG144,2012-10-28,near_GLC2249,26.10635,94.79949,,,,,,,0,886,17,118,39,21.87568497803541,184,5976.262516623872,8483.5,2.0149999409914017,2.6599999144673347,3.404999891296029,14.964999567717314,196.16249503195286,,,,0.797946833385754
NEG145,2011-03-14,near_GLC2248,26.3682,95.02803,,,,,,,0,1617,27,105,51,29.551270320037045,347,392.88745822526147,5805.666666666667,0.9999999757856131,7.809999835677445,8.389999822713435,8.626999821513891,25.281999588944018,,,,0.6158697182021489
NEG146,2013-11-19,near_GLC2248,26.21805,94.78458,,,,,,,0,1547,14,231,48,27.002759931227946,265,1258.035976208623,8628.333333333334,0.0,0.6899999864399433,0.6899999864399433,2.874999897554517,39.51799922483042,,,,0.6502529605228045
NEG147,2008-09-19,near_GLC2253,25.3868,94.45867,,,,,,,0,1642,2,320,35,13.292597908550343,109,136.7335521800293,8067.0,1.5099999457597733,33.13499923888594,54.67999887932092,79.9249983234331,148.5334969907999,,,,0.8917264854581592
NEG148,2019-02-16,near_GLC2253,25.22042,94.38128,,,,,,,0,1945,22,190,35,21.797460846156483,210,64.75973837645007,6321.5,0.0,0.0,0.0,0.0215000007301569,0.21649999357759953,0.2535668611526489,0.2940126657485962,-2.22585941895946,0.8647007197601417
NEG149,2023-10-29,near_GLC2282,26.30649,94.87038,,,,,,,0,1048,29,13,43,25.750268461686286,295,106.8548066516568,8822.5,1.7699999548494816,7.129999902099371,22.569999529980123,30.829999434761703,107.3399977227673,0.3279034495353699,0.3409746289253235,-0.7265848426518975,0.6499991312456691
NEG150,2008-06-26,near_GLC2282,26.25773,94.81683,,,,,,,0,1377,8,80,29,12.341304839439173,116,103.77460658807591,6246.0,10.49999975413084,27.264999510720372,33.104999320581555,209.34499536640942,352.9574919845909,,,,1.0829887013239492
NEG151,2021-03-22,near_GLC2283,24.85009,93.46895,,,,,,,0,1135,42,173,60,37.25967533433243,494,557.1253215769653,6659.5,0.0,1.7200000025331974,1.7200000025331974,2.435000004246831,24.752499380148947,0.06949698179960251,0.17722508311271667,-0.7698741027198466,0.6106223486396041
NEG152,2014-02-11,near_GLC2283,24.99853,93.502,,,,,,,0,1122,45,36,57,28.677470970101485,348,983.8212857144616,7942.0,0.0,0.0,0.0,0.012000000104308128,0.012000000104308128,,,,0.5662052295584376
NEG153,2012-11-17,near_GLC2281,25.67038,94.04835,,,,,,,0,1479,36,36,55,33.59159667685734,381,159.71525838586317,8389.333333333334,0.0,7.89999976567924,10.014999744482338,28.9749992871657,57.51049851998687,,,,0.5799475888331223
NEG154,2011-11-07,near_GLC2281,25.49956,93.98927,,,,,,,0,1459,28,264,42,26.30568326656955,289,73.41481241748411,8594.333333333334,0.009999999776482582,4.909999850206077,9.592499738559127,11.617499692365527,37.197499085217714,,,,0.7402858242480944
NEG155,2009-12-29,near_GLC2296,27.23719,88.37689,,,,,,,0,2051,23,52,42,23.74472498150099,277,114.81148239311759,6052.0,0.0,0.0,0.0,0.0,0.3464999932330102,,,,0.7402858242480944
NEG156,2011-04-23,near_GLC2296,27.28143,88.27463,,,,,,,0,612,24,69,42,24.6462091840165,227,121.60985074307884,5349.0,1.0300000058487058,2.1749999606981874,22.364999479614198,80.93999749887735,104.2574969669804,,,,0.7402858242480944
NEG157,2023-03-25,near_GLC2304,25.54739,94.20075,,,,,,,0,1287,27,275,50,26.722669093805134,295,23.606513297392894,5744.333333333333,1.5349999256432056,2.1299999160692096,37.02499884273857,38.899998794309795,39.57099877949804,0.29941102862358093,0.31767508387565613,-0.9580177647271597,0.5852450024625759
NEG158,2011-01-01,near_GLC2304,25.47043,94.19554,,,,,,,0,1709,6,99,34,14.651065379712248,129,31.070765189245908,6070.5,0.0,0.0,0.0,0.009999999776482582,31.33999925851822,,,,0.9188098560839355
NEG159,2009-10-28,near_GLC2344,24.65971,93.53302,,,,,,,0,700,0,0,28,5.5039191419141895,72,485.8104986338703,7489.0,0.09499999694526196,0.16499999444931746,0.3299999898299575,42.2599989362061,157.28549664467573,,,,1.122946072659206
NEG160,2009-01-04,near_GLC2344,24.76281,93.46991,,,,,,,0,509,38,233,55,33.47144214587459,356,240.6482156764195,8444.333333333334,0.0,0.0005000000237487257,0.0005000000237487257,0.17549999424954876,0.17549999424954876,,,,0.5799475888331223
NEG161,2025-04-17,near_GLC2343,25.62533,94.0101,,,,,,,0,2068,29,319,56,32.83998544908886,375,374.0260050793934,8104.0,17.649999593384564,25.499999361112714,44.64999895822257,48.54999881051481,61.529998417943716,0.20604461431503296,0.2131408303976059,-0.6259500278150583,0.581188366493703
NEG162,2012-01-27,near_GLC2343,25.48781,94.24769,,,,,,,0,2065,17,244,29,18.253900693077203,189,505.7568128394831,6375.666666666667,0.0,0.0,0.21999999601393938,0.5799999861046672,16.340999575331807,,,,1.0829887013239492
NEG163,2019-10-30,near_GLC2345,27.40775,88.53293,,,,,,,0,1204,34,205,59,38.00428670561638,536,288.5046377952654,8234.5,0.014999999664723873,0.9299999745562673,6.409999786876142,8.68499973602593,35.00299947615713,0.31050345301628113,0.329431414604187,-0.5075078911757345,0.521362044127607
NEG164,2023-04-10,near_GLC2345,27.30006,88.65268,,,,,,,0,1723,19,132,50,28.02916330554808,332,500.4470275190848,7514.333333333333,0.1749999960884452,4.544999897480011,10.649999753572047,65.52149838488549,132.78649683576077,0.22128735482692719,0.24819406867027283,1.2618704073959446,0.6286698651106128
NEG165,2022-04-17,near_GLC2392,27.34115,88.83472,,,,,,,0,4096,29,101,36,16.26933587187815,153,442.3245699344379,2249.0,1.8899999782443047,5.684999919496477,20.109999566338956,52.50999852269888,85.90649738814682,0.27448996901512146,0.29014208912849426,-0.559787688202233,0.8210856862386435
NEG166,2009-02-26,near_GLC2392,27.37066,88.80209,,,,,,,0,3631,12,108,52,26.085060405540062,219,492.1908100768582,5252.0,0.6049999846145511,1.964999945834279,3.1249999217689037,4.849999872036278,5.5499998475424945,,,,0.6058408868937004
NEG167,2007-05-07,near_GLC2405,28.34419,95.51384,,,,,,,0,1116,32,32,59,36.96494751558999,486,9299.076428283894,8020.5,0.0,0.0,6.352999970316887,98.92799753975123,250.5279930010438,,,,0.5553949991701417
NEG168,2009-11-30,near_GLC2405,28.24695,95.42937,,,,,,,0,675,39,84,64,25.883716021817143,287,8472.037310799085,8427.0,1.4849999640136957,2.1999999321997166,2.5749999210238457,78.69999813474715,93.78049786482006,,,,0.5428493655263809
NEG169,2022-11-22,near_GLC2411,26.95354,93.74775,,,,,,,0,84,1,0,8,3.048180449099778,14,6301.944078393681,6026.0,0.0,0.0,0.0,0.0,107.12849746318534,0.31660228967666626,0.3133803606033325,-1.5024801358148867,3.5704937759359563
NEG170,2009-04-02,near_GLC2411,26.87693,93.85638,,,,,,,0,81,1,270,4,1.3951757098678665,6,7224.868802480467,2953.5,6.726999813690782,23.951999191194773,49.201998700387776,49.55699868313968,51.141998663544655,,,,8.015882038737644
NEG171,2023-08-21,near_GLC2424,23.47588,92.80677,,,,,,,0,593,26,333,43,23.18006151995928,256,4920.349263697528,6338.0,2.0599999129772186,3.0249999165534973,45.64499846100807,268.38499301858246,447.7584882453084,0.35523995757102966,0.377363383769989,0.8579243151454108,0.6305800161490702
NEG172,2024-12-18,near_GLC2424,23.73073,93.00962,,,,,,,0,647,19,131,50,25.408040537420927,194,4387.8215435067605,8739.0,0.0,0.0,0.0,0.0,13.374999782070518,0.218043252825737,0.28040117025375366,-2.0531536873864047,0.6304730916739794
NEG173,2014-03-28,near_GLC2421,23.82829,92.81272,,,,,,,0,189,25,308,45,23.751983669326943,167,1204.9317524154437,7274.666666666667,0.0,0.8199999844655395,21.75999952480197,26.834999435581267,26.96349943149835,,,,0.691460633906725
NEG174,2021-09-01,near_GLC2421,23.77768,92.69594,,,,,,,0,518,29,76,39,20.55286203832975,157,1441.5165886285629,7881.333333333333,34.809999289922416,73.14499841723591,137.55499698314816,177.0799957709387,402.9399917656556,0.3622610867023468,0.37646204233169556,-6.438704592229427,0.6856621577346879
NEG175,2011-12-31,near_GLC2422,23.70753,92.72558,,,,,,,0,778,22,202,42,23.667605601283732,229,202.09880578911336,6638.5,0.0,0.0,0.0,0.0,0.003000000026077032,,,,0.7402858242480944
NEG176,2024-02-20,near_GLC2422,23.65136,92.85592,,,,,,,0,967,13,11,48,20.48699408612086,215,129.00170700555424,7339.333333333333,0.0,0.0,0.3200000021606684,1.360000004991889,6.1449998477473855,0.10541443526744843,0.23001158237457275,-1.1005897500579742,0.7215807000915879
NEG177,2016-02-09,near_GLC2426,22.78671,92.81898,,,,,,,0,538,32,269,50,26.704946996466425,281,298.90816899281447,8230.333333333334,0.0,0.0,0.0,0.6314999796450138,9.256499771028757,0.17102503776550293,0.24606293439865112,-6.700123831133414,0.6566080573216648
NEG178,2021-07-06,near_GLC2426,22.64772,92.87132,,,,,,,0,923,17,348,39,20.771360087499858,173,155.22569899296457,2372.0,3.1049999091774225,12.784999618306756,43.65949919819832,71.35949873179197,437.16949073784053,0.3713579475879669,0.3876957893371582,1.7555695412615497,0.6782205870861927
NEG179,2020-12-26,near_GLC2423,23.79775,92.62693,,,,,,,0,191,20,273,42,19.96736534889892,174,392.6543334658815,8685.333333333334,0.0,0.0,0.0,0.0,0.5874999787192792,0.2508094608783722,0.2913830280303955,-1.2819559312382998,0.7212976258353971
NEG180,2019-10-13,near_GLC2423,23.74748,92.70329,,,,,,,0,695,25,28,42,25.004893192230913,241,281.88543569213033,6163.0,0.0,21.83499950543046,120.60999761801213,174.06499684229493,351.7549924971536,0.363492488861084,0.3867645263671875,1.6309324098564284,0.6383959448137593
NEG181,2015-01-16,near_GLC2425,23.19767,93.02698,,,,,,,0,700,17,230,56,26.4836006675629,205,1521.0891749273935,8315.0,0.0,0.0,0.0,5.862499892711639,12.347499689087272,,,1.885423846866277,0.572718777640601
NEG182,2011-02-01,near_GLC2425,23.34359,93.08447,,,,,,,0,948,16,80,38,19.372810521075724,193,1416.5022072188133,7270.5,0.0,0.0,0.0,0.0,0.7199999764561653,,,,0.8194166200326815
NEG183,2019-09-13,near_GLC2436,24.21591,93.24629,,,,,,,0,1043,18,131,55,20.367749873510864,230,12.001177800804673,7126.5,20.54999928176403,43.8949987962842,72.80999832972884,99.70899798721075,161.4239965705201,0.3705163896083832,0.3830070197582245,2.0252852799106744,0.5124511346961573
NEG184,2022-05-27,near_GLC2437,23.73648,92.83715,,,,,,,0,603,33,55,40,27.402827793167116,235,116.28377888007965,7064.333333333333,0.3449999950826168,25.839999525807798,58.799998997710645,143.87999747227877,302.9279946014285,0.3299434185028076,0.34876999258995056,0.7818713360031655,0.6948004925473239
NEG185,2023-08-07,near_GLC2437,23.76147,92.68281,,,,,,,0,539,26,79,40,23.58244674713254,256,73.72357244445928,6909.5,47.80999901518226,61.15999869443476,126.54799707699567,247.88799398113042,412.12299039401114,0.3680031895637512,0.3835405707359314,1.198298750937453,0.6647539222104892
NEG186,2016-08-11,near_GLC2566,25.44707,94.00375,,,,,,,0,1637,34,233,51,36.007959190644804,454,56.138371372542935,4364.5,1.2699999697506428,4.929999860934913,49.3299986962229,105.40699724107981,227.371994337067,0.3853929042816162,0.40675491094589233,-0.4956642624213927,0.5298304662176343
NEG187,2025-02-07,near_GLC2566,25.47095,94.16412,,,,,,,0,1538,24,59,33,20.61693626418661,181,52.14825965820044,6451.666666666667,0.0,0.0,0.0,0.1949999937787652,0.49499998334795237,0.05467245355248451,0.21678833663463593,-2.269206445016562,1.1213345515834425
NEG188,2018-04-18,near_GLC2567,25.69774,94.33286,,,,,,,0,1696,26,270,44,26.96003226502766,295,103.9786779313349,5450.5,10.744999693706632,11.054999692365527,15.784999525174499,46.79499897547066,87.00899771414697,0.30419325828552246,0.3204268515110016,-1.5986910949239679,0.6525145767277338
NEG189,2017-03-31,near_GLC2567,25.76696,94.38892,,,,,,,0,1429,29,208,43,24.957582846889416,259,113.7235421431202,5995.5,20.354999371804297,36.15499878395349,41.50999863259494,66.01999802794307,97.88499739859253,0.2797585725784302,0.2782595157623291,-0.10412538131715454,0.6841999481795219
NEG190,2009-11-17,near_GLC2570,24.92953,94.04721,,,,,,,0,793,1,246,10,2.907606645095639,15,3663.768186619355,6668.5,0.0,0.0,0.0,3.839999906718731,4.162499904632568,,,,3.198447748515856
NEG191,2023-11-17,near_GLC2570,24.71746,93.80456,,,,,,,0,787,3,280,10,2.7544550826881675,13,1789.078102134778,6691.5,28.93499960936606,29.134999602101743,29.25499959755689,31.26999953854829,97.86499805841595,0.28559574484825134,0.2924973666667938,-0.5523530083018322,2.970798813740749
NEG192,2022-11-01,near_GLC2569,25.25349,94.08372,,,,,,,0,1158,19,352,36,24.309261539864988,219,540.3279100637026,8144.0,0.0,0.0,0.6849999884143472,128.32499693427235,168.84999592415988,0.34366708993911743,0.3575842082500458,-2.9551442007280677,0.7580126543549082
NEG193,2020-04-30,near_GLC2569,25.41576,94.06808,,,,,,,0,1265,13,185,32,15.26718365673681,164,641.8141551549755,5570.0,4.459999908693135,24.704999579116702,48.019999308511615,118.42499749734998,122.56599745713174,0.30239206552505493,0.3032386600971222,0.5421688097037975,0.8961731455560455
NEG194,2019-01-15,near_GLC2568,24.77096,93.26445,,,,,,,0,1024,44,274,65,23.19492650762397,255,1162.97064011054,8726.0,0.0,0.0,0.0,0.001500000013038516,19.431499493075535,0.22782878577709198,0.2754833698272705,1.0884894260886044,0.5423752756193315
NEG195,2007-06-22,near_GLC2568,24.81767,93.43647,,,,,,,0,278,26,354,46,26.82599988556388,280,2267.947281955292,7986.5,20.099999448284507,34.06499942205846,139.7299972064793,230.12999556958675,262.92249491158873,,,,0.6769254485667469
NEG196,2014-06-10,near_GLC2578,25.2589,94.13964,,,,,,,0,1457,26,192,45,22.406909920182436,222,214.18508566895844,7769.5,1.6799999475479126,2.699999913573265,2.699999913573265,7.704499831423163,60.95449827518314,,,,0.691460633906725
NEG197,2020-11-15,near_GLC2578,25.44713,94.01343,,,,,,,0,1666,29,89,40,26.50290879697622,290,169.8666224463357,8546.0,0.0,1.0949999690055847,2.3699999526143074,39.79699897766113,147.53699681907892,0.3555203676223755,0.382906973361969,0.956571429673704,0.6746085791621338
NEG198,2018-09-14,near_GLC2575,25.51801,93.12622,,,,,,,0,204,11,258,23,10.263691498924707,67,1746.8905771886523,8717.0,3.1199999153614044,61.63499879371375,76.76999869383872,145.62649752851576,313.22149370610714,0.40023016929626465,0.4159560799598694,1.005567027882564,1.1013871404329856
NEG199,2025-05-15,near_GLC2575,25.49218,92.98075,,,,,,,0,293,13,328,26,12.713954017755514,80,1875.698650471254,6650.0,1.2999999476596713,11.009999758563936,94.78499712515622,110.56499675381929,214.94999327603728,0.2725316286087036,0.27494001388549805,0.2468942988526983,1.147545936304168
NEG200,2019-06-13,near_GLC2577,25.58263,93.82575,,,,,,,0,1360,22,172,45,25.53101863961514,226,528.269620317687,5866.666666666667,12.654999651946127,24.554999507963657,40.64499928522855,86.37349826656282,205.38849544059485,0.3219887316226959,0.3321813642978668,0.38120806144561925,0.6272120521817892
NEG201,2023-05-11,near_GLC2577,25.489,93.83479,,,,,,,0,931,24,99,46,25.3958390239461,298,506.06046486903335,7318.666666666667,1.2749999659135938,1.2749999659135938,4.3699999107047915,19.283999459818006,51.38899908121675,0.21634501218795776,0.27847158908843994,1.002961206364545,0.6824620837619653
NEG202,2008-11-21,near_GLC2576,25.43122,94.06632,,,,,,,0,1344,35,142,46,25.791916201753388,189,250.02993935262074,8170.0,0.25499999430030584,0.7649999670684338,0.7999999672174454,0.7999999672174454,80.59949766052887,,,,0.6769254485667469
NEG203,2009-12-14,near_GLC2576,25.47171,94.10597,,,,,,,0,1691,16,180,32,16.67736978692406,174,185.02593348724955,7273.5,0.0,0.0,0.004999999888241291,0.11999999731779099,19.44999936595559,,,,0.9782176467120023
NEG204,2019-01-10,near_GLC2579,25.67946,94.19448,,,,,,,0,1026,8,125,23,12.352145803270128,94,16.22670999650576,7268.333333333333,1.5949999513104558,1.5949999513104558,1.874999945051968,2.033499942626804,21.19349951343611,0.3088417649269104,0.33212393522262573,-2.2179872322699374,1.2440074684612368
NEG205,2019-08-24,near_GLC2579,25.66606,94.13975,,,,,,,0,1225,20,275,28,15.348435777679288,130,18.33781212077585,8932.5,3.7449998948723078,10.389999787323177,22.989999619312584,76.0699987700209,310.05749339889735,0.3687017858028412,0.36682265996932983,-0.5380592662714587,0.9439143186978015
NEG206,2018-06-13,near_GLC2587,25.80484,94.06634,,,,,,,0,1256,31,328,38,19.503745488388972,208,86.52421420066831,5645.0,109.72499744594097,156.8449962437153,240.7599941706285,275.1849933024496,327.21999175008386,0.39745157957077026,0.3985251784324646,-0.4179056081885557,0.6731990347775691
NEG207,2009-01-15,near_GLC2587,25.68522,94.13187,,,,,,,0,1360,20,336,33,16.364699199000174,150,299.1136189607513,5825.0,0.06999999843537807,0.08999999798834324,1.3099999586120248,2.492999929469079,3.7629998973570764,,,,0.9475905605077413
NEG208,2019-08-30,near_GLC2743,27.69096,91.87054,,,,,,,0,4404,14,121,64,18.25358119801262,157,532.1529484772019,1060.0,0.5049999887123704,2.234999963082373,8.194999786093831,15.594999654218554,159.61049606651068,0.3186192810535431,0.32924318313598633,2.0777715458056427,0.512601875546757
NEG209,2019-06-06,near_GLC2743,27.57064,91.81506,,,,,,,0,2648,31,214,47,29.201251606414488,331,477.0765854952446,6358.0,0.0,4.514999970793724,40.761499270796776,77.80649841576815,101.3364979699254,0.2972079813480377,0.31681862473487854,1.0631375128195577,0.6185942865586449
NEG210,2016-12-28,near_GLC3269,28.06034,96.44983,,,,,,,0,606,23,156,50,24.178391428666792,274,49.48194606371552,8364.5,2.7049998492002487,2.8549998458474874,2.9299998432397842,2.9899998418986797,4.05849980795756,0.2196168452501297,0.25507020950317383,-0.6329080608668072,0.6295984139793396
NEG211,2009-12-09,near_GLC3269,28.03134,96.44521,,,,,,,0,493,37,89,70,34.94135191079256,378,31.609621243023266,8286.0,1.3300000205636024,8.769999705255032,8.769999705255032,8.982499702833593,63.582498661242425,,,,0.565290455381048
NEG212,2020-09-10,near_GLC3525,24.94525,93.3344,,,,,,,0,241,19,20,34,16.869707361682668,127,14633.63008498122,9099.0,0.08499999903142452,8.714999621734023,16.374999354593456,74.70999760366976,192.6449952116236,0.35254430770874023,0.3594211935997009,-0.13981390139743333,0.7935488463107554
NEG213,2024-05-04,near_GLC3525,25.07827,93.44803,,,,,,,0,845,37,43,54,32.187086017084646,298,10361.565702668902,8266.0,0.0,37.47499842569232,49.91999817918986,134.71499596070498,148.5599954687059,0.2110757827758789,0.19860891997814178,0.979260186178418,0.5945822721964062
NEG214,2018-04-03,near_GLC3532,25.1574,92.98297,,,,,,,0,875,17,59,29,15.90684775165487,174,3123.8503782242788,6210.5,0.6199999945238233,1.0484999846667051,11.368499618023634,14.643499549478292,103.09849737491459,0.28792521357536316,0.31970977783203125,-1.112351272315541,1.007789194359843
NEG215,2023-07-07,near_GLC3532,24.94825,92.92282,,,,,,,0,30,0,0,6,2.20003429355281,12,2298.0625782208162,6430.5,1.1549999751150608,74.15499930083752,92.63599876035005,156.99099692702293,627.9959849687293,0.5089421272277832,0.5316762328147888,0.8292887927503543,3.9226554000009357
NEG216,2010-09-22,near_GLC3560,24.76848,93.64953,,,,,,,0,1033,42,121,51,28.392439264534172,337,2121.6275152904777,4499.666666666667,19.549999923445284,51.6649990035221,79.7199981994927,213.29999513365328,356.57249106653035,,,,0.6158697182021489
NEG217,2017-01-08,near_GLC3560,24.70056,93.56802,,,,,,,0,906,16,83,38,24.057513659637372,222,3422.969446251997,8532.333333333334,0.0,0.0,0.0020000000949949026,0.24699998716823757,0.24699998716823757,0.2135520577430725,0.24508368968963623,0.312074764476967,0.8291230574982831
NEG218,2014-09-04,near_GLC3556,25.27519,93.97254,,,,,,,0,1586,17,79,30,15.871162286952064,198,4608.024231129361,7122.333333333333,0.4049999909475446,4.94049989618361,32.51049961708486,187.26549630705267,249.76049470994622,,,,1.0457106679945398
NEG219,2020-08-08,near_GLC3556,25.27142,93.74462,,,,,,,0,1067,29,261,50,27.342789059026064,324,9465.028718859905,5317.0,11.644999645650387,15.48999954201281,65.98349789623171,124.01849669869989,275.00349359121174,0.3544939160346985,0.3616364300251007,-0.6704034851560436,0.5546273074177799
NEG220,2017-05-06,near_GLC3633,26.32845,94.53229,,,,,,,0,1338,12,2,25,11.294164848950624,109,35.13538824706873,3656.0,2.3449999522417784,9.759999787434936,21.597499566152692,59.28249854594469,91.59249767940491,0.3104380667209625,0.3332233726978302,-0.45634773847617094,1.1406536895973853
NEG221,2023-08-18,near_GLC3633,26.22469,94.4196,,,,,,,0,1098,23,267,39,18.479657508681044,134,39.90455960549801,6633.333333333333,4.704999865964055,7.2349998047575355,30.874999169260263,196.589994805865,404.03399083018303,0.3920883536338806,0.4143334925174713,0.7681424728908794,0.6612623436764782
NEG222,2019-03-03,near_GLC3637,25.52004,94.37211,,,,,,,0,1122,32,286,43,26.632365825074814,249,2358.9899185533322,6211.5,0.0,20.643999623134732,35.05399932060391,35.06399932038039,35.279999318532646,0.31118032336235046,0.3263327479362488,0.8442245192759232,0.6618787872538607
NEG223,2024-08-03,near_GLC3637,25.51771,94.35954,,,,,,,0,1174,25,142,49,23.805389289697068,208,2907.3290972141276,6736.666666666667,3.1949999229982495,13.219999655149877,142.27499637845904,199.8249951088801,262.9849937045947,0.38664257526397705,0.4074004590511322,-1.5002142147120736,0.544980980447564
NEG224,2011-04-11,near_GLC3663,25.68503,94.11019,,,,,,,0,1438,18,352,28,15.5468852980614,114,100.30752061393599,2858.6666666666665,0.4399999985471368,0.45499999821186066,4.014999910257757,38.72149929497391,95.57649789005518,,,,1.122946072659206
NEG225,2023-07-19,near_GLC3663,25.76732,94.04253,,,,,,,0,752,13,246,30,13.90643593586775,137,143.364199983027,3744.3333333333335,5.489999905228615,29.91999933961779,81.484998004511,196.34999463055283,288.59549328591675,0.3803863227367401,0.3901253938674927,0.6973080836895287,0.8674253082229118
NEG226,2014-12-19,near_GLC3662,24.95502,94.02339,,,,,,,0,801,1,29,11,2.9697541236583107,14,58.26056030049685,3492.5,0.0,0.004999999888241291,0.009999999776482582,0.009999999776482582,0.009999999776482582,,,-1.5642577262942559,2.9059179354143505
NEG227,2007-11-20,near_GLC3662,24.91213,94.12579,,,,,,,0,811,2,270,14,4.290624678398682,44,137.31712198633795,5570.0,0.0,0.0,71.07999866176397,80.52499862201512,80.84099861234426,,,,2.278369109567298
NEG228,2008-11-26,near_GLC3672,25.47839,93.41677,,,,,,,0,359,3,270,15,6.102539295917322,39,3443.683274028571,8652.5,0.0,0.0,0.07499999832361937,0.07999999821186066,12.774999583605677,,,,2.1247633730766076
NEG229,2009-07-07,near_GLC3672,25.45861,93.43485,,,,,,,0,436,5,140,13,3.5087251989208736,23,2753.6702891371456,8500.5,4.714999943971634,8.34499990567565,44.54149922542274,94.27649786137044,170.7864959752187,,,,2.45549141126334
NEG230,2017-12-20,near_GLC3683,25.78642,94.11343,,,,,,,0,1193,24,289,36,18.501600708398616,201,362.44207294276725,8644.333333333334,0.0,0.0,0.0,17.45999957807362,17.527499576099217,0.3304644525051117,0.34084203839302063,0.435719786665981,0.7700503101680107
NEG231,2023-10-18,near_GLC3683,25.98705,94.29772,,,,,,,0,1019,26,351,41,21.366579782411602,232,315.03535690723567,8941.333333333334,0.0,0.11999999731779099,22.249999344348907,53.01999839767814,149.0699964137748,0.3433171808719635,0.3676662743091583,-0.29685108773435687,0.6682873138029435
NEG232,2008-04-22,near_GLC3738,24.92442,93.83915,,,,,,,0,843,3,132,10,3.085041171088745,21,238.93616425783878,5121.5,0.0,0.0,0.6199999880045652,17.974999577738345,88.0384980617091,,,,3.198447748515856
NEG233,2022-03-27,near_GLC3738,24.87346,93.81422,,,,,,,0,826,2,107,17,3.7787335285505135,33,156.58291335370333,4127.333333333333,12.039999797940254,24.3399995341897,26.864999460056424,26.914999457076192,27.741999436169863,0.2620823085308075,0.24944981932640076,-2.753866818872039,1.791171139121211
NEG234,2023-08-23,near_GLC3741,25.4505,94.13799,,,,,,,0,1426,21,113,29,16.97643335306708,189,70.40388060319624,1841.0,17.559999585151672,44.47999885305762,56.5849985787645,150.5899964896962,203.74949499685317,0.36639875173568726,0.37007761001586914,1.0686858720685306,0.9140084816044107
NEG235,2015-01-01,near_GLC3741,25.47052,94.13679,,,,,,,0,1649,18,69,30,18.682709163346612,205,52.78822900587679,6743.0,0.019999999552965164,0.019999999552965164,0.019999999552965164,0.019999999552965164,0.5549999754875898,,,1.4736678599014637,1.0457106679945398
NEG236,2009-11-07,near_GLC3760,25.78272,94.12131,,,,,,,0,1351,30,346,40,21.30938135083278,225,31.11895574325817,7946.0,0.0,0.8049999922513962,2.464499925263226,5.669499851763248,74.41949786245823,,,,0.7776488575672658
NEG237,2022-07-27,near_GLC3760,25.648,94.18095,,,,,,,0,1036,21,144,30,17.385497527987713,181,27.06504825548755,8342.0,13.629999607801437,41.12499897181988,92.22499772720039,108.21999718714505,222.3384943092242,0.3897522985935211,0.4027385115623474,1.3036201160932999,0.8566790832924999
NEG238,2024-12-19,near_GLC3776,27.10192,93.83416,,,,,,,0,102,2,77,14,3.20103925837804,20,708.6145379170326,4881.666666666667,0.0,0.0,0.0,1.4499999657273293,6.554999814368784,0.22008678317070007,0.2691761255264282,0.048053891176460084,2.2914229150766467
NEG239,2021-09-12,near_GLC3776,27.10732,93.84934,,,,,,,0,100,1,180,8,2.3554031606357184,12,1005.5357738438292,7137.0,2.6049999482929707,6.339999884366989,131.78999767825007,292.9999943450093,577.9299872191623,0.3754306435585022,0.3650723397731781,0.4249451337864478,3.2932087399681373
NEG240,2009-03-24,near_GLC3789,27.2658,92.912,,,,,,,0,488,32,284,46,26.22265305436331,232,588.6742573283074,6569.666666666667,0.0,5.704999799840152,6.194999790750444,7.264999779872596,15.1294996002689,,,,0.6769254485667469
NEG241,2017-02-17,near_GLC3789,27.28911,92.8109,,,,,,,0,801,40,23,53,37.438675122694576,391,348.97245726235207,7853.0,0.0,0.7399999722838402,0.7399999722838402,0.7399999722838402,3.0894998842850327,0.35765039920806885,0.36758047342300415,,0.5302959236311012
NEG242,2019-09-06,near_GLC3806,26.97581,93.62936,,,,,,,0,142,14,218,26,10.91548203670199,74,254.87204625464534,8344.666666666666,8.549999855458736,29.98999919462949,62.2034980263561,144.56349550094455,236.99849452637136,0.3114050030708313,0.2696273922920227,-0.4617623290333306,1.0947485124430552
NEG243,2011-03-09,near_GLC3806,27.08484,93.59444,,,,,,,0,262,8,156,20,5.75579176581511,31,329.5298053392252,4215.0,4.399999866262078,4.669999862089753,10.09999970998615,10.256999709643424,31.12699931766838,,,,1.5861531116283452
NEG244,2025-01-24,near_GLC3805,27.12957,88.30529,,,,,,,0,381,42,191,52,28.42959255809777,310,62.97653078438357,6401.333333333333,0.0,0.0,0.0,3.6299999309703708,9.174999844282866,0.19868065416812897,0.25410395860671997,-0.09774298947715643,0.619462457646299
NEG245,2020-02-22,near_GLC3805,27.14814,88.53228,,,,,,,0,276,5,6,39,15.16042360807278,155,40.86129326434914,3664.3333333333335,6.799999771639705,8.454999739304185,8.454999739304185,8.874999726191163,11.661499639973044,0.17114421725273132,0.21277116239070892,-1.7452484974816063,0.8420028673498794
NEG246,2011-12-26,near_GLC3830,24.45326,94.2418,,,,,,,0,978,21,60,36,20.061505795937105,209,2043.2850196810753,8520.0,0.0,0.009999999776482582,0.009999999776482582,0.009999999776482582,0.35499998833984137,,,,0.8662087320075671
NEG247,2009-05-07,near_GLC3830,24.42748,94.3921,,,,,,,0,258,10,30,34,12.582128958938394,126,2213.3426702271418,6126.5,0.0949999988079071,0.0949999988079071,1.8119999412447214,6.676999848335981,57.52199883107096,,,,0.9188098560839355
NEG248,2019-04-20,near_GLC3837,26.56303,92.95499,,,,,,,0,73,1,48,11,3.1669748979453765,17,657.2998419250545,5571.5,0.0,4.524999886751175,33.52999968267977,70.15999855380505,153.82199683506042,0.23153792321681976,0.23352766036987305,-0.12291777364658607,2.883637185059007
NEG249,2024-10-01,near_GLC3837,26.60426,92.95737,,,,,,,0,82,2,90,10,3.04866583245967,14,647.0101429398658,7872.666666666667,13.729999504983425,16.584999390877783,57.09499815758318,61.55499803368002,161.0749969445169,0.2579275667667389,0.23674552142620087,0.14365635945727906,3.0747439221505517
NEG250,2019-05-18,near_GLC3840,24.81745,93.93061,,,,,,,0,781,0,0,7,2.4474120864659503,12,710.2431929870381,2253.0,2.109999978914857,20.524999717250466,38.30499931611121,57.65999882854521,108.62349725980312,0.2113761156797409,0.22995193302631378,-0.6273225533832578,4.649528327011071
NEG251,2008-12-14,near_GLC3840,24.6005,93.77381,,,,,,,0,775,1,20,9,2.4823696639002253,13,944.5261440626351,3730.5,0.0,0.0,0.014999999664723873,0.27549999387701973,0.7454999805777334,,,,3.5557939043574724
NEG252,2011-02-21,near_GLC3860,25.38079,94.08555,,,,,,,0,1279,13,290,31,15.135275825540216,148,76.0584848567356,4398.0,0.0,0.0,0.9649999737739563,0.9649999737739563,1.0634999722242355,,,,1.0108602112162877
NEG253,2012-12-06,near_GLC3860,25.4149,94.09821,,,,,,,0,1409,8,24,22,11.86486178658072,114,108.53172035847398,4786.333333333333,0.06999999843537807,0.06999999843537807,0.6799999866634607,0.7999999830499291,14.759999549016356,,,,1.4389171473241251
NEG254,2022-11-23,near_GLC3881,27.16338,93.75075,,,,,,,0,175,13,64,34,11.884699097967061,110,155.87790569362147,6618.666666666667,0.0,0.0,0.22999998927116394,0.4499999824911356,120.72349756909534,0.2859528362751007,0.29553550481796265,-0.5080385275029986,0.8589481973590811
NEG255,2014-05-18,near_GLC3881,27.15371,93.75082,,,,,,,0,128,6,216,22,5.890091889284072,45,148.95869708117732,3797.5,22.064999625086784,39.06499930471182,64.95499870646745,206.75999452453107,287.71699273679405,,,,1.4389171473241251
NEG256,2020-12-19,near_GLC3912,27.52534,92.14599,,,,,,,0,4493,29,151,65,26.08914533641964,246,4411.624970663241,2694.3333333333335,0.014999999664723873,0.28999999444931746,1.104999971576035,9.344999741762877,23.822499313391745,0.2613949477672577,0.2802015244960785,0.5751711796618864,0.5320067620742681
NEG257,2018-06-02,near_GLC3912,27.37929,92.38234,,,,,,,0,2063,21,330,36,19.121231458158395,158,5892.539528076363,4392.0,1.1785000078380108,6.733499888330698,16.528499755077064,122.41349839512259,200.24349743500352,0.3007943630218506,0.31131511926651,1.3767390909000596,0.7971023538925115
NEG258,2021-04-24,near_GLC3916,25.84059,93.81795,,,,,,,0,173,1,228,4,1.3963801418439714,10,168.0091471046858,3428.0,0.08500000089406967,1.7549999710172415,4.884999863803387,38.764998845756054,55.82749854307622,0.23716804385185242,0.2976311147212982,4.249518640391839,7.900611239907091
NEG259,2022-02-09,near_GLC3916,25.79759,93.74363,,,,,,,0,170,0,0,4,1.3649923378171296,9,147.008682026952,3833.6666666666665,0.0,0.0,34.96999892313033,39.750498816370964,58.50549845024943,0.25777509808540344,0.2720544934272766,-0.588403508667497,7.705395670998342
NEG260,2020-07-07,near_GLC3925,27.49207,93.01521,,,,,,,0,500,18,51,40,22.038554028208086,205,2036.751902742586,8071.0,5.264999872073531,12.629999591037631,49.167498773895204,268.2424945225939,424.78749087359756,0.4683275818824768,0.47340720891952515,-0.6853753449481701,0.600020928198944
NEG261,2007-11-06,near_GLC3925,27.41825,93.04884,,,,,,,0,990,22,47,44,26.597210874455758,256,3275.787572027499,8903.666666666666,0.0,0.0,0.07050000131130219,2.1354999765753746,174.41549637541175,,,,0.7068387710212181
NEG262,2008-09-11,near_GLC3965,24.78547,93.15397,,,,,,,0,50,6,350,26,8.404624542124544,60,73.22611980259886,4732.0,8.324999779462814,27.03499935939908,74.46999819390476,130.61599672585726,381.845991415903,,,,1.2121029133401509
NEG263,2018-03-01,near_GLC3965,24.676,92.85205,,,,,,,0,26,0,180,5,1.748550807652652,9,83.4026398778526,3744.0,0.0,10.399999657645822,19.1349995713681,19.1349995713681,19.199499571695924,0.1952342540025711,0.21723882853984833,0.2064987142513388,6.636364412782901
NEG264,2016-09-08,near_GLC3983,26.14059,91.61213,,,,,,,0,55,2,140,7,2.419395366209778,12,203.67798060597204,5611.5,4.809999857097864,13.14499965775758,27.070999221876264,72.48599863331765,122.14599747862667,0.3736540973186493,0.37349390983581543,-0.058467191885589465,3.774024394232597
NEG265,2022-12-27,near_GLC3983,26.29189,91.66203,,,,,,,0,52,2,294,8,2.8082379138455282,13,465.51650256777407,4870.0,0.0,0.0,0.0,0.0,0.001500000013038516,0.3275648057460785,0.330861359834671,1.2964246581594328,3.5188224055503357
NEG266,2011-03-29,near_GLC4241,25.16141,93.69365,,,,,,,0,870,27,100,48,25.582989067171855,275,246.14497780761627,6025.0,15.75499964132905,32.52999916765839,35.54999903868884,68.04999785963446,79.21449763979763,,,,0.6502529605228045
NEG267,2007-11-26,near_GLC4241,25.18737,93.63935,,,,,,,0,572,16,35,54,28.771061518802497,289,429.40408900591416,8708.0,0.004999999888241291,0.004999999888241291,0.8749999962747097,111.59999770671129,114.79499766323715,,,,0.5878807401939672
NEG268,2022-12-11,near_GLC4313,28.44442,95.86194,,,,,,,0,1206,31,312,52,31.93297043204469,375,650.843261815622,9044.666666666666,0.0,0.0,0.0,0.13399999774992466,0.34899998642504215,0.4061003029346466,0.41913026571273804,0.24979677546818202,0.5121124710926467
NEG269,2020-03-24,near_GLC4313,28.60503,95.88082,,,,,,,0,976,32,23,60,36.589411816793216,479,829.6894623426616,8873.0,0.08500000089406967,6.839999783784151,7.9949997663497925,22.31999934092164,56.974998453632,0.28898340463638306,0.3021136522293091,-1.1475430339558876,0.5266784185020283
NEG270,2024-09-23,near_GLC4377,26.12927,91.66443,,,,,,,0,49,1,270,7,2.0541167681615473,9,979.9265424415605,6470.0,0.0,4.014999931678176,6.6149999015033245,41.464998964220285,171.2499966174364,0.33270329236984253,0.35371845960617065,4.183579562947778,3.994957575808035
NEG271,2010-01-31,near_GLC4377,26.14779,91.79392,,,,,,,0,56,1,90,22,3.566048628090193,36,263.6111219487221,2803.5,0.0,0.0,0.05999999865889549,0.8099999707192183,0.8954999679117464,,,,1.4389171473241251
NEG272,2022-02-15,near_GLC4378,28.8904,96.28862,,,,,,,0,3046,28,21,53,35.57930935505951,422,29294.845168759417,1497.0,0.0,4.134999964386225,4.7899999767541885,12.136499700136483,13.041499678976834,0.3128702640533447,0.3278493583202362,-3.825508349558164,0.552649245605602
NEG273,2014-02-25,near_GLC4378,28.73355,96.25618,,,,,,,0,3482,35,285,69,43.97148637891385,492,34331.154764300845,3824.0,0.0,5.744999893940985,7.879999863915145,24.70999948028475,54.401998756453395,,,,0.5576933202704221
NEG274,2024-02-08,near_GLC4382,25.12253,92.91995,,,,,,,0,415,17,192,36,19.208055990044194,207,1465.2872083514717,6862.666666666667,0.0,0.11999999545514584,16.899999663233757,17.369999649003148,17.369999649003148,0.15747156739234924,0.23931847512722015,-1.1557811979446155,0.9277785534460827
NEG275,2011-02-21,near_GLC4382,25.12006,92.88187,,,,,,,0,261,19,99,36,16.388659946804257,131,1082.34578827785,6793.0,0.024999999441206455,0.3699999935925007,16.584999782964587,16.584999782964587,18.560499724932015,,,,0.8662087320075671
NEG276,2014-04-01,near_GLC4385,27.80781,88.49053,,,,,,,0,4229,31,309,67,26.407379316498623,260,30214.978942855298,-395.0,1.6149999499320984,11.384999753907323,26.089999513700604,31.669999486766756,31.839999481104314,,,,0.5476362504429638
NEG277,2018-10-19,near_GLC4385,27.82657,88.60491,,,,,,,0,4439,7,231,40,15.169612489545584,148,33926.60543743854,2084.0,2.2349999397993088,4.824999839067459,17.274999575689435,20.3049995014444,51.0314996400848,0.3178044557571411,0.3386554419994354,0.2853832812836714,0.7043836872903992
NEG278,2019-08-21,near_GLC4394,27.07355,88.51199,,,,,,,0,1194,15,170,31,17.44455296600656,188,113.7937120983355,8066.333333333333,0.7749999612569809,13.244999717921019,22.219999467022717,130.32999749481678,284.9429939268157,0.24624772369861603,0.20130294561386108,0.409730973677088,0.987435139203591
NEG279,2009-08-03,near_GLC4394,27.27995,88.53396,,,,,,,0,1434,15,142,27,15.208527566113853,146,45.52363425969341,5082.666666666667,0.125,37.47649936005473,105.47149793896824,219.97649600543082,434.39649100601673,,,,1.1658725021419152
NEG280,2008-03-15,near_GLC4393,27.67961,88.69736,,,,,,,0,4507,51,124,71,44.43920955677123,652,20796.272690001682,-35.5,1.0399999804794788,2.78499992005527,18.889999436214566,24.71649936027825,32.14649918768555,,,,0.5749157350708296
NEG281,2018-07-25,near_GLC4393,27.87605,88.70979,,,,,,,0,4716,13,331,60,21.70112342019035,267,26092.258351921744,1448.0,4.299999892711639,22.459999430924654,29.02999923657626,75.43999789468944,111.8754973243922,0.2963772714138031,0.29203513264656067,3.6755299640575165,0.5238505887520678
NEG282,2020-01-16,near_GLC4403,24.85346,93.45926,,,,,,,0,1054,33,352,43,27.161329809749343,310,197.25313468749474,8840.0,0.0,0.0,4.604999960400164,41.12749920785427,44.72749912273139,0.25905007123947144,0.2759249806404114,-0.942579874274343,0.6989107067904874
NEG283,2013-12-30,near_GLC4403,24.76232,93.36822,,,,,,,0,393,44,90,56,31.920560587150913,330,108.88110188698515,8168.0,0.0,0.0,0.0,0.014999999664723873,0.045499999017920345,,,,0.572718777640601
NEG284,2018-12-11,near_GLC4407,24.99294,92.26701,,,,,,,0,18,4,172,17,4.58291618094128,26,175.43319912951094,3209.0,0.0,0.0,1.0999999716877937,1.1164999715983868,1.1164999715983868,0.3511635363101959,0.3801208734512329,-0.2972033793841913,1.5981568617869983
NEG285,2008-09-17,near_GLC4407,24.9896,92.35844,,,,,,,0,15,1,29,5,1.6838923490086277,8,390.8185908611179,466.0,24.704999335110188,25.82499931473285,125.13999697193503,246.00999416876584,625.017984604463,,,,6.410988626744456
NEG286,2021-03-26,near_GLC4408,25.59353,91.97741,,,,,,,0,1350,3,214,22,6.056657835791197,56,80.03566823774506,3978.0,0.0,1.7699999660253525,4.104999914765358,6.639999844133854,7.53149981983006,0.17285190522670746,0.2630368173122406,-0.6079376582783382,1.5244181395775442
NEG287,2019-06-18,near_GLC4408,25.5613,92.18662,,,,,,,0,1228,2,228,18,8.143087895712707,51,36.92941266703767,5450.333333333333,13.14999981969595,68.03999897092581,114.19499770179391,229.9249950600788,377.1129921199754,0.3687032461166382,0.36435142159461975,3.1464432062485166,1.4729147283373798
NEG288,2016-04-11,near_GLC4424,26.12415,91.73495,,,,,,,0,51,3,312,27,5.042621354827027,56,591.361160470907,3193.0,0.0,11.149999745190144,63.81499857455492,136.8864964628592,140.90649635717273,0.30175337195396423,0.32507839798927307,-0.4291407446051805,1.0660855291477207
NEG289,2013-02-25,near_GLC4424,26.17385,91.74435,,,,,,,0,57,3,62,9,2.908373971781263,12,453.3452142591894,2638.0,0.0,0.0,0.12499999441206455,12.659999562427402,13.484999529086053,,,,3.5557939043574724
NEG290,2014-03-18,near_GLC4426,26.13948,91.58375,,,,,,,0,57,1,90,16,3.42278916569514,18,271.8696441336208,4560.5,0.0,0.0,0.0,2.3049999438226223,28.62049935478717,,,,1.9902691364965845
NEG291,2023-09-16,near_GLC4426,26.21135,91.60003,,,,,,,0,48,2,121,5,2.130139697980884,9,412.2598091953568,4587.666666666667,0.0,6.089999962598085,33.95999938622117,52.45999891217798,263.5449938727543,0.3820445239543915,0.3944558799266815,0.003789364544472207,5.221902586961964
NEG292,2012-05-14,near_GLC4435,27.25089,95.93117,,,,,,,0,435,19,72,34,18.023134345087314,163,378.6872854630959,7557.666666666667,39.51499915122986,61.73499857634306,65.06499850004911,121.55099743232131,380.21099086571485,,,,0.9188098560839355
NEG293,2011-11-05,near_GLC4435,27.22595,95.91593,,,,,,,0,385,14,24,36,16.53536995515695,135,710.1259427279612,9224.0,0.0,7.3049998274073005,9.485999757423997,50.30599917843938,78.52099831867963,,,,0.8662087320075671
NEG294,2023-10-22,near_GLC4436,26.9534,95.40535,,,,,,,0,570,18,211,40,19.300415823780618,187,228.05050882450487,8851.0,0.0,4.709999904036522,12.384999703615904,55.89999860431999,144.85999608784914,0.3636132776737213,0.3444191515445709,-0.07975268204236752,0.6682195709177576
NEG295,2020-04-29,near_GLC4436,27.03734,95.46037,,,,,,,0,469,13,58,30,17.05370077148536,161,120.77846890568274,7630.666666666667,9.279999691992998,10.42999966070056,30.014999322593212,94.15499768033624,122.08999682590365,0.2541966736316681,0.2484198808670044,0.36473368221442914,1.0122113266697839
NEG296,2022-02-03,near_GLC4434,26.11721,91.67657,,,,,,,0,48,2,301,5,1.9211959290412408,7,1004.5784823826696,3892.0,0.05499999690800905,0.696999978274107,0.696999978274107,5.276999861933291,19.79699977301061,0.287042498588562,0.3049356937408447,-0.5175798895128825,5.941224593671203
NEG297,2022-11-19,near_GLC4434,26.16535,91.69996,,,,,,,0,143,19,216,31,16.61775056863832,140,665.227190027522,7411.0,0.0,0.0,0.0,0.0,92.24499796144664,0.3446210026741028,0.35485589504241943,-0.008829866074129278,0.8789811148190413
NEG298,2015-11-24,near_GLC4446,29.1346,94.85828,,,,,,,0,3087,30,198,60,31.33996012908483,372,27479.238954740846,8248.333333333334,0.4649999886751175,1.8149999752640724,7.594999801367521,16.89499954506755,24.123499345965683,0.31303808093070984,0.33413782715797424,-1.446326981109511,0.5174785598491105
NEG299,2018-08-26,near_GLC4446,28.98307,94.83091,,,,,,,0,917,31,66,58,34.06388493652317,406,36825.171309743586,8447.0,5.334999903105199,33.02499910257757,71.28499834053218,245.27499271929264,437.8904880601913,0.47240835428237915,0.4971613883972168,1.915054914032603,0.46728800589452774
NEG300,2010-05-03,near_GLC4556,27.2467,88.43655,,,,,,,0,944,14,73,30,18.24009415457042,185,79.49005543167172,6302.0,8.78499973192811,34.582499261945486,44.52249903045595,73.56749849300832,128.40249675884843,,,,1.0457106679945398
NEG301,2018-07-31,near_GLC4556,27.07556,88.39758,,,,,,,0,1008,8,77,38,22.75805618557859,187,79.15215027814271,7696.666666666667,1.464999987743795,41.864998620934784,69.25499783176929,83.10999757610261,285.674492996186,0.3895622789859772,0.3990863859653473,-0.7009766684626646,0.6798881847623439
NEG302,2017-08-21,near_GLC4570,27.94989,95.10906,,,,,,,0,412,24,358,39,17.223415155700085,125,431.77001663496355,8829.666666666666,0.0,14.809999612160027,58.149998606182635,307.1499922592193,504.9134874101728,0.4885060787200928,0.49751099944114685,1.8118454502401917,0.613888462375801
NEG303,2019-03-27,near_GLC4570,27.91572,95.23623,,,,,,,0,231,3,55,23,7.331595307329789,63,486.737781189203,7676.0,10.459999855607748,10.459999855607748,22.09499961324036,38.26999910455197,107.39049729239196,0.25871431827545166,0.275160014629364,-1.2198629110652295,1.3222361336183133
NEG304,2016-02-13,near_GLC4610,23.63741,92.59401,,,,,,,0,1209,19,244,63,25.45356573567123,244,32.8470560468217,6561.0,0.08499999716877937,0.08499999716877937,0.9149999562650919,0.9384999573230743,1.5334999524056911,0.10018447041511536,0.17843188345432281,-2.2087885773668257,0.5856407674519356
NEG305,2017-02-20,near_GLC4610,23.73423,92.49232,,,,,,,0,621,32,286,54,31.540608551112758,340,30.003070609394925,6952.666666666667,0.0,0.0,0.0,0.0,0.40899999998509884,0.18462440371513367,0.25968900322914124,2.508037013515761,0.6073129528825099
NEG306,2022-03-16,near_GLC4757,28.15916,95.10207,,,,,,,0,808,34,242,55,35.96154744038688,437,1958.971161773705,8327.5,0.0,0.0,0.0,0.4974999874830246,57.75249867513776,0.34024468064308167,0.36351320147514343,-0.3594502156298649,0.5264923916385733
NEG307,2015-12-05,near_GLC4757,28.04319,95.2097,,,,,,,0,594,11,85,33,15.475346901532262,157,4372.282312655435,8841.333333333334,0.024999999441206455,7.869999900460243,7.883999900892377,7.913999899290502,38.438999151811004,0.38950419425964355,0.3935926556587219,-0.43820589820552946,0.7797867269207293
NEG308,2018-03-16,near_GLC4798,28.92152,96.07272,,,,,,,0,2592,43,280,69,39.794511024299815,537,21405.898965274315,7074.0,4.364999856799841,6.739999798126519,8.579999758861959,53.42199898324907,73.10699852183461,0.28032931685447693,0.30259841680526733,-0.7953708055895667,0.5436239390451116
NEG309,2024-12-27,near_GLC4798,28.84583,96.10802,,,,,,,0,3603,35,288,58,36.46884905514506,456,20283.244040202895,2145.5,0.25999999791383743,0.2999999960884452,1.0249999826774001,3.7099999021738768,19.53499944973737,0.2670576870441437,0.2954345643520355,-0.810199361177304,0.543014117147052
NEG310,2011-05-08,near_GLC4845,24.3548,92.66696,,,,,,,0,47,6,296,18,4.803438928579631,43,898.1833289102395,5692.5,0.0,0.1649999963119626,64.00649809837341,83.99149762187153,157.75149585865438,,,,1.7658912410344465
NEG311,2022-04-14,near_GLC4845,24.3705,92.53674,,,,,,,0,40,1,90,15,2.9111039647172325,17,845.1754464228788,5143.666666666667,7.339999854564667,29.184999120421708,60.919998680241406,85.94349806476384,101.17349762190133,0.27623817324638367,0.267336368560791,-1.0274141410811986,1.9980905496737529
NEG312,2009-07-28,near_GLC4858,26.29629,91.71653,,,,,,,0,58,1,20,9,2.834331765982458,12,180.47391536738223,5611.5,23.804999672807753,111.65999798476696,162.8799964748323,235.46999509632587,433.6534903962165,,,,3.5557939043574724
NEG313,2021-09-01,near_GLC4858,26.09596,91.62276,,,,,,,0,158,19,144,38,16.423217581322675,143,297.2677243242783,6133.666666666667,7.469999752938747,59.544998657889664,141.12999639939517,207.67499480675906,407.42999015469104,0.4181044399738312,0.4251757264137268,-0.3176432624809218,0.6556879665446034
NEG314,2018-10-04,near_GLC4859,26.16006,91.83412,,,,,,,0,57,0,0,6,2.0477580860550915,8,196.70387295596367,6145.333333333333,0.0,1.1049999687820673,3.194999912753701,64.2749986294657,229.4749940726906,0.32998397946357727,0.34010961651802063,-1.7843072120876124,4.679072383094424
NEG315,2023-05-14,near_GLC4859,26.27592,91.63819,,,,,,,0,50,1,312,8,2.4071084582513724,12,156.69667589568957,6312.333333333333,1.1899999380111694,1.1899999380111694,1.1899999380111694,67.9299977356568,187.07499568071216,0.22915445268154144,0.27819761633872986,-1.5791375150378144,3.9826755730878247
NEG316,2022-03-05,near_GLC4857,23.60278,92.8538,,,,,,,0,1173,10,93,72,26.379527886581876,301,24.414752730996053,7346.0,0.0,0.0,0.017500000074505806,1.0424999976530671,20.517499421723187,0.21456459164619446,0.27925074100494385,0.7348256441987815,0.5891210407632258
NEG317,2022-10-18,near_GLC4857,23.61828,92.85191,,,,,,,0,1072,24,62,42,21.338929198632048,214,25.855690266695138,7495.0,25.039999762549996,30.95999970473349,30.95999970473349,105.63999759033322,254.7644947739318,0.3571944534778595,0.3733970820903778,0.6361930883233065,0.6430294528916853
NEG318,2015-10-13,near_GLC4860,26.07799,91.60477,,,,,,,0,54,1,160,7,2.0456537742794043,10,218.6972096948884,8066.0,0.07999999821186066,0.07999999821186066,8.004999783821404,9.606499739922583,274.32149400003254,0.37830665707588196,0.38998863101005554,0.6716305368842086,3.7489234265978886
NEG319,2013-01-29,near_GLC4860,26.10926,91.63419,,,,,,,0,48,4,32,17,2.3251667100660045,23,249.18969763555268,2337.0,0.0,0.0,0.0,0.04499999899417162,0.06049999868264422,,,,1.8715182016996885
NEG320,2018-10-29,near_GLC4892,27.97238,94.39173,,,,,,,0,715,10,41,40,16.045354327201462,171,86.34334206171377,7923.0,6.044999862089753,6.044999862089753,6.829999855719507,9.614999821409583,73.73049813136458,0.3168891668319702,0.33656081557273865,-1.3401611627662264,0.705106268963963
NEG321,2009-04-30,near_GLC4892,27.9395,94.26172,,,,,,,0,916,24,178,56,23.813629174185213,237,72.41909637962756,7489.666666666667,0.4349999874830246,4.484999852254987,4.484999852254987,44.2949990388006,197.5934965722263,,,,0.572718777640601
NEG322,2020-08-26,near_GLC4906,26.14349,94.7539,,,,,,,0,1484,27,11,45,24.486757515392988,206,6763.361212173694,8634.0,3.419999934732914,32.59499896876514,82.9999976772815,215.4349950645119,337.3589919405058,0.3980843722820282,0.42165178060531616,-0.18888550007883786,0.5768037531349297
NEG323,2010-04-28,near_GLC4906,26.09676,94.80655,,,,,,,0,1391,19,213,44,24.521049413469814,236,5773.377902367498,5580.666666666667,2.619999947026372,15.984999763779342,21.479999590665102,161.1999963140115,279.1634931974113,,,,0.7068387710212181
NEG324,2015-04-25,near_GLC4905,26.08797,94.79,,,,,,,0,1170,26,33,43,29.693601168570886,346,7679.082751039071,4023.3333333333335,15.349999695084989,25.024999383836985,66.34999861754477,79.58499835710973,130.89999699871987,0.3280157446861267,0.3286058008670807,-2.5130450838660714,0.6499193598112747
NEG325,2014-04-06,near_GLC4905,26.13885,94.6109,,,,,,,0,1442,27,346,36,21.98769693951467,235,7432.938981206379,6649.5,0.0,5.169999830424786,5.2494998294860125,20.824499468319118,28.499499138444662,,,,0.8662087320075671
NEG326,2009-12-13,near_GLC4908,27.32341,88.60769,,,,,,,0,1422,29,278,52,28.800620505813036,338,21.736223899041924,5516.5,0.0,0.9449999686330557,3.109999904409051,5.236499865306541,9.77149976301007,,,,0.6058408868937004
NEG327,2015-05-02,near_GLC4908,27.45402,88.87937,,,,,,,0,3497,29,180,49,32.12942597916926,375,24.505683265534216,3185.0,6.9069999270141125,10.841999872587621,16.746999773196876,49.53699887916446,105.4969976907596,0.2765691578388214,0.2789136469364166,1.1063402863440857,0.6083661664842688
NEG328,2011-03-14,near_GLC4990,27.25266,88.78372,,,,,,,0,2940,29,253,59,31.74941995359631,373,19.208885340084155,4521.333333333333,4.524999848566949,4.724999843165278,6.1099998308345675,8.448999788612127,34.0389992101118,,,,0.5553949991701417
NEG329,2023-04-09,near_GLC4990,27.31091,88.82541,,,,,,,0,3972,20,180,39,22.804686799892465,242,29.0669349951886,1504.6666666666667,1.649999925866723,5.239999858662486,9.82499969471246,62.62349877692759,107.72849780600518,0.2539328634738922,0.2741580009460449,-0.8151695478759979,0.7742786746317185
NEG330,2017-08-02,near_GLC5006,25.99959,94.46106,,,,,,,0,1345,26,234,47,24.897292948521834,284,48.23454972487845,5542.333333333333,2.4079999709501863,6.6229999186471105,53.98799861688167,160.22799580078572,390.7179898535833,0.3841320872306824,0.4074588418006897,-1.2132034757232066,0.5648987280570894
NEG331,2021-12-10,near_GLC5006,26.16215,94.50678,,,,,,,0,1226,23,325,43,24.992983409157777,310,116.92058443394673,8792.333333333334,0.1749999960884452,0.4049999890848994,2.519999947398901,6.264499865472317,11.63949972204864,0.3110143542289734,0.3327118158340454,0.13297382944862957,0.6619966872321362
NEG332,2023-09-14,near_GLC5005,26.79731,95.07449,,,,,,,0,654,11,29,32,14.949840190870619,157,100.31207801741112,5105.5,4.679999993182719,47.794998903758824,83.91499807033688,102.79999737534672,305.3699924591929,0.3758324384689331,0.389400452375412,1.7363210844890045,0.8183178935736928
NEG333,2010-12-09,near_GLC5005,26.71723,94.91515,,,,,,,0,845,21,152,48,19.30688307446246,223,142.2227945447815,8550.0,0.5349999945610762,2.314999961294234,2.314999961294234,6.299999799579382,32.32999929133803,,,,0.6502529605228045
NEG334,2022-10-24,near_GLC5084,25.62826,94.18357,,,,,,,0,1101,23,325,26,12.375744555085708,111,42.436130698569436,8409.333333333334,19.314999647438526,19.724999636411667,24.729999400675297,51.489998733624816,152.4369963342324,0.3707176744937897,0.38653823733329773,1.0131525602553797,1.0141906422611449
NEG335,2013-05-22,near_GLC5084,25.66944,94.10951,,,,,,,0,1442,21,94,27,13.911243948451025,125,19.800422546838522,2945.0,5.489999923855066,8.764999836683273,39.99499910417944,111.37999752629548,178.54799588117748,,,,1.1658725021419152
NEG336,2010-12-21,near_GLC5087,25.49004,93.99938,,,,,,,0,1528,13,282,43,20.807856882738534,228,50.79795695430049,6927.333333333333,0.0,0.0,0.40999998711049557,37.66999911889434,39.10049907770008,,,,0.7230989553986906
NEG337,2020-02-28,near_GLC5087,25.5869,94.22114,,,,,,,0,1491,15,335,37,16.45978004981292,177,33.118198450589965,5746.5,0.47999998833984137,6.009999846108258,7.104999822564423,9.894999713636935,20.048999493941665,0.31949618458747864,0.33091041445732117,-0.030808531106119474,0.7590703393741777
NEG338,2020-02-23,near_GLC5107,25.49211,94.1268,,,,,,,0,1660,22,108,42,22.1717791411043,249,49.050051644125396,6745.333333333333,0.17499998956918716,0.9749999884516001,1.1899999836459756,6.8999998942017555,10.063999849371612,0.3096916079521179,0.332416832447052,1.1443645877267992,0.6779776240395121
NEG339,2024-02-18,near_GLC5107,25.76101,94.06064,,,,,,,0,1002,15,0,28,15.828880284328967,117,40.735623126985026,6604.5,0.0,0.0,2.469999849796295,12.934999654069543,16.28999957907945,0.25001752376556396,0.30182576179504395,-0.5539506701552437,1.0917778367566604
NEG340,2007-12-16,near_GLC5122,25.79924,93.9517,,,,,,,0,1085,29,260,41,21.22410407183318,198,22.764766069266106,8784.0,0.0,0.2749999910593033,1.2199999690055847,3.9344998779706657,20.074499637354165,,,,0.7584500378984689
NEG341,2020-07-07,near_GLC5122,25.61655,93.91216,,,,,,,0,1628,22,124,50,20.35068050802168,218,32.40438770983607,2537.5,16.38999982085079,54.699999063275754,75.92949850577861,130.36949706450105,358.53949090931565,0.3604021668434143,0.35577720403671265,0.3870705592527788,0.5513432199268812
NEG342,2022-04-20,near_GLC5123,25.67546,94.06079,,,,,,,0,1452,14,276,48,17.359787277561864,188,7.096829135998461,5543.5,31.854999233037233,43.704998821020126,66.8999983407557,112.02999738417566,135.06699667032808,0.3328253924846649,0.33269062638282776,-1.8213781899727577,0.5859396670977282
NEG343,2021-03-20,near_GLC5123,25.26531,94.04305,,,,,,,0,1386,17,343,41,25.211152789337476,291,45.999969689515375,6951.5,0.26499998569488525,0.26499998569488525,0.26499998569488525,28.09999916702509,37.46899894438684,0.20018123090267181,0.2504979968070984,-0.6991044441225318,0.7773629955435171
NEG344,2023-07-31,near_GLC5250,27.8194,93.13539,,,,,,,0,3177,46,174,68,42.683977518567254,628,23414.760280428443,2539.0,21.52999945729971,136.90499749965966,206.19499636720866,343.53999365400523,472.8334905644879,0.39299553632736206,0.4120709300041199,1.6086436271435218,0.5069137993059074
NEG345,2023-12-08,near_GLC5250,27.97484,92.96666,,,,,,,0,1945,25,320,66,29.23764084977509,211,36813.58468094978,8262.0,1.7849999256432056,2.949999902397394,3.39999988861382,4.754999849945307,12.479999599978328,0.30516594648361206,0.32141250371932983,-0.6534801680715887,0.5211628478427531
NEG346,2024-10-22,near_GLC5271,26.32226,94.57044,,,,,,,0,991,15,73,32,17.44632161826196,185,731.6463216676011,8750.0,0.0,1.3449999634176493,4.179999867454171,43.86499878205359,184.48999573569745,0.3360264003276825,0.3620043992996216,1.0943928685908544,0.8605168776702807
NEG347,2024-10-27,near_GLC5271,26.38536,94.56398,,,,,,,0,864,26,85,44,18.678236609664086,172,980.283588871767,7612.5,1.43499996047467,14.454999629408121,45.709998837672174,58.2399984607473,162.4399961605668,0.34426310658454895,0.3506424129009247,1.071398818721927,0.6250278654667996
NEG348,2024-04-01,near_GLC5268,26.08573,94.55078,,,,,,,0,1763,10,246,41,23.112010780938565,187,944.1848434835846,7907.0,6.399999832734466,17.24999954737723,19.594999467022717,60.45999857317656,60.56999857071787,0.291799932718277,0.30711629986763,-1.4835564217916648,0.7075456480297204
NEG349,2024-11-07,near_GLC5268,25.98913,94.40381,,,,,,,0,822,27,200,38,24.985073442741857,227,600.2877185706702,8794.333333333334,10.114999808371067,10.79499978478998,10.964999783784151,60.69999882020056,100.48999776225537,0.3349062204360962,0.3527863025665283,-0.426189947810073,0.7262297544981319
NEG350,2022-12-24,near_GLC5269,25.86025,94.53953,,,,,,,0,996,14,322,42,20.76546137351228,207,8633.0821118817,8163.333333333333,0.0,0.1999999973922968,0.4399999910965562,1.7949999701231718,3.074499954469502,0.278074711561203,0.30385687947273254,0.7313337142008143,0.7012383928209114
NEG351,2008-07-04,near_GLC5269,25.882,94.51644,,,,,,,0,1122,17,84,39,25.55038856429746,316,5730.777858568325,5075.0,15.814999487251043,27.603499316610396,74.943498339504,138.88349666353315,395.228491560556,,,,0.797946833385754
NEG352,2023-06-15,near_GLC5270,26.02013,94.33415,,,,,,,0,996,7,188,38,19.43423780660511,164,2895.321887921712,5398.0,24.419999599456787,37.39499932527542,170.81499750353396,199.49249674752355,237.61749605461955,0.35320353507995605,0.35426241159439087,-1.0636605471164877,0.7107158973879957
NEG353,2018-01-02,near_GLC5270,25.91887,94.34606,,,,,,,0,640,20,32,38,22.86405488150583,218,6834.030830432947,8083.333333333333,0.06499999854713678,0.06499999854713678,0.06499999854713678,0.06499999854713678,20.504999700933695,0.33230334520339966,0.3474561274051666,0.5741521065210051,0.7284366703883343
NEG354,2017-03-08,near_GLC5273,26.21852,94.60363,,,,,,,0,1473,12,334,71,28.542910785378236,329,1797.3289281183575,6943.0,0.0,0.1899999901652336,0.9219999816268682,5.891999829560518,8.101999772712588,0.26132845878601074,0.3092072904109955,0.9112300551133448,0.5666294267037455
NEG355,2018-03-07,near_GLC5273,26.07134,94.45923,,,,,,,0,741,13,105,37,21.831464745985365,210,6634.019000575474,7236.333333333333,3.4749999567866325,5.294999940320849,5.95049992389977,23.350499593652785,25.20549952518195,0.29423627257347107,0.3204450309276581,0.247413290475464,0.7812757950851088
NEG356,2021-07-14,near_GLC5272,26.07978,94.43522,,,,,,,0,794,24,301,40,25.304001177816286,238,4444.811735362256,7702.333333333333,3.274999912828207,22.78999957535416,49.31999889109284,131.00649719685316,245.63149519078434,0.35917672514915466,0.36947378516197205,0.173564712490772,0.6717220404220802
NEG357,2018-06-11,near_GLC5272,26.16859,94.46,,,,,,,0,715,22,108,29,16.687331688881848,140,3473.6143199911266,6178.333333333333,19.23999970406294,40.47499939054251,84.93999823648483,198.53349694702774,306.6434947438538,0.3801265358924866,0.390629380941391,1.0334475410414017,0.8976029337858944
NEG358,2012-10-13,near_GLC5274,26.18285,94.64587,,,,,,,0,1446,24,128,38,23.176568422243584,251,2392.473067759794,8158.5,5.974999845027924,50.419998494908214,108.93499709665775,209.2214943151921,380.1464902004227,,,,0.8194166200326815
NEG359,2022-11-26,near_GLC5274,26.10474,94.57536,,,,,,,0,1737,36,299,44,26.373059458969777,274,3676.747547955581,8753.5,0.0,0.0,0.0,5.264999819919467,5.994499808643013,0.3217536211013794,0.34913793206214905,-1.4321059480925014,0.6404686957761847
NEG360,2018-07-16,near_GLC5275,26.10317,94.65311,,,,,,,0,1486,22,0,43,26.350821379646078,275,9378.349748717288,3972.3333333333335,3.1349999019876122,14.134999613277614,77.80999818630517,143.9654968343675,249.6404946213588,0.3863826096057892,0.41103577613830566,1.0447403857522763,0.6084571194174386
NEG361,2018-06-02,near_GLC5275,26.16592,94.69593,,,,,,,0,1880,25,4,45,26.507971711456868,250,4445.540261021722,4794.0,12.049999579787254,22.109999354928732,45.43499892205,153.30999644938856,293.3949937047437,0.32381224632263184,0.3277602791786194,-0.5401666953840234,0.626004095017433
NEG362,2015-01-08,near_GLC5300,25.46603,93.98888,,,,,,,0,1911,42,217,61,39.72507883023894,517,304.8530415348613,7017.333333333333,0.0,0.0,0.434500003233552,0.434500003233552,0.5545000014826655,,,0.44865679209422726,0.5477221912318005
NEG363,2020-06-23,near_GLC5300,25.32668,94.04749,,,,,,,0,995,3,180,33,15.521873896049147,121,391.4248800140352,2510.0,0.3649999797344208,27.84499940276146,59.41499886661768,164.5949965119362,389.3139915391803,0.3788652718067169,0.39647090435028076,0.3921462283834618,0.7906390457984978
NEG364,2024-12-04,near_GLC5312,26.67775,94.68556,,,,,,,0,167,1,270,23,5.978050951538576,46,28.327581993693137,8235.666666666666,0.0,0.0,0.0,0.10499999672174454,14.899999699555337,0.28012099862098694,0.32634884119033813,-0.1319949049097069,1.288828965674587
NEG365,2020-08-09,near_GLC5312,26.77238,94.55013,,,,,,,0,109,1,270,6,2.0526209132666846,9,31.443520539279444,6049.5,50.57999876514077,96.6449977280572,102.6999976458028,208.04999487753958,476.8699879068881,0.4124644696712494,0.4266553223133087,0.3360613801641019,4.159228088240262
NEG366,2015-01-02,near_GLC5427,25.35375,94.23134,,,,,,,0,1933,31,329,42,21.53529760277093,191,8194.894306000404,8444.666666666666,0.02850000001490116,0.08849999867379665,0.08849999867379665,0.08849999867379665,0.3034999957308173,,,-4.0937280410867185,0.7402858242480944
NEG367,2020-09-04,near_GLC5427,25.35061,94.2374,,,,,,,0,1870,24,178,45,21.665269058551416,243,7893.631535098407,6491.0,2.299999922513962,31.204999237321317,82.00499841477722,107.44499762821943,257.72999495081604,0.3777073621749878,0.39819541573524475,2.8135194441961096,0.5903021665822261
NEG368,2024-09-12,near_GLC5338,26.83294,94.8999,,,,,,,0,181,5,112,26,8.002958979320894,44,8339.016544918128,8451.5,8.4249999076128,56.9299986846745,69.2649982906878,136.1699968148023,260.039993702434,0.36894696950912476,0.3757766783237457,-0.140893513991438,1.0165955958547523
NEG369,2019-04-22,near_GLC5338,26.85144,94.94219,,,,,,,0,204,12,323,46,19.79281559733144,229,9806.917997090726,7372.5,0.0,5.499999970197678,38.704998994246125,58.05999883078039,91.57499782089144,0.21569791436195374,0.21875597536563873,1.1080144588464194,0.6828760351939034
NEG370,2018-09-07,near_GLC5337,26.49782,94.828,,,,,,,0,1150,23,11,36,19.535481759814036,163,20.433870196908288,7395.0,4.564999911934137,4.919999907724559,60.5454984633252,253.67549529019743,378.9704916048795,0.3855375051498413,0.4132825434207916,0.4245901424626588,0.7198368239893637
NEG371,2014-03-10,near_GLC5337,26.44924,94.86159,,,,,,,0,860,21,105,47,20.513149577859053,234,22.81864541566648,6417.0,0.0,0.0,0.1249999962747097,0.32499999087303877,27.389999453909695,,,,0.6631992652050449
NEG372,2013-06-17,near_GLC5336,26.55219,94.89648,,,,,,,0,438,8,312,29,16.864900527811606,111,14.399412501098455,8157.333333333333,2.03499994892627,42.89999914262444,42.954999142326415,101.83499798551202,193.7134956633672,,,,1.0829887013239492
NEG373,2025-02-18,near_GLC5343,24.86259,93.60436,,,,,,,0,418,26,142,34,19.084966198826404,211,5.56239838078987,4652.0,1.46999990940094,1.46999990940094,3.5799998538568616,3.5799998538568616,3.5799998538568616,0.15010866522789001,0.2271980494260788,-3.03339986952125,0.9923604863342332
NEG374,2013-01-31,near_GLC5343,24.34039,93.7044,,,,,,,0,817,1,270,7,2.339767230781605,16,34.649455892073505,3659.0,0.0,0.0,0.0,0.0,0.0005000000237487257,,,,4.576026277123324
NEG375,2024-08-10,near_GLC5421,26.54184,95.02275,,,,,,,0,788,16,129,34,15.21122916243712,170,20.41678390684108,7630.0,0.3399999961256981,23.604999450035393,43.79999907501042,111.56499734148383,365.39499247353524,0.3806362748146057,0.399381548166275,0.041446531128981334,0.7659597815425241
NEG376,2018-05-23,near_GLC5421,26.67096,94.73479,,,,,,,0,773,30,4,46,22.956593251844755,208,5.589743582054234,5944.5,45.57999935001135,51.969999238848686,92.66999837756157,138.82499745115638,264.50199449434876,0.33969274163246155,0.3442753851413727,-0.11725973341443918,0.6035559784128046
NEG377,2023-05-22,near_GLC5431,25.0996,93.62268,,,,,,,0,1041,24,143,47,22.08515545609207,192,75.14449311281872,6641.0,47.07999929971993,61.82999868225306,77.52999851852655,126.07999724894762,146.54599655233324,0.2883494794368744,0.294243723154068,0.6467008267720011,0.6240664418690394
NEG378,2022-01-24,near_GLC5431,25.00503,93.52274,,,,,,,0,1007,20,239,31,15.306645334552316,155,52.35996766751703,7753.333333333333,1.3999999454244971,1.6249999338760972,3.129999889060855,15.509999728761613,15.803999721072614,0.23455475270748138,0.247770294547081,1.6170223829286172,1.0003263406986267
NEG379,2020-08-19,near_GLC5430,24.73144,93.47397,,,,,,,0,459,19,186,35,19.68390133296688,209,17.46246917915745,5589.333333333333,31.269999459385872,35.279999386519194,48.939999129623175,182.43499589990824,347.5499918796122,0.36216652393341064,0.3709014654159546,0.7983408978367805,0.7619596791707239
NEG380,2018-11-07,near_GLC5429,27.27887,88.22709,,,,,,,0,1176,29,159,48,28.695024652622113,279,1878.5228830308984,7996.666666666667,0.0,0.0,0.0035000001080334187,0.5984999989159405,27.55349940666929,0.3214523494243622,0.3392987549304962,0.8009859481115074,0.5927232070285222
NEG381,2018-02-28,near_GLC5429,27.30017,88.31955,,,,,,,0,997,32,334,60,33.46064306520279,395,1561.5374186184338,6910.5,0.7299999706447124,1.199999962002039,2.4549999283626676,5.974999820813537,9.341999682597816,0.1695680469274521,0.21893680095672607,-1.1386374829431212,0.5723495553100055
NEG382,2018-05-31,near_GLC5442,27.24169,93.73811,,,,,,,0,357,25,228,48,25.75584823179958,206,43.29715718948358,6143.666666666667,0.07000000029802322,50.5399987436831,149.08499706815928,211.15999598335475,364.4464928181842,0.4310719668865204,0.4263401925563812,-0.3437083061060733,0.5273397341699277
NEG383,2018-05-17,near_GLC5442,27.21667,93.65244,,,,,,,0,477,6,135,42,13.53678391621721,158,53.01262880261715,5014.333333333333,10.129999686963856,14.019999587908387,29.18499922659248,149.36999716516584,248.6589948600158,0.41441038250923157,0.4218117594718933,0.3703200911486917,0.600935299203845
NEG384,2012-08-24,near_GLC5441,28.64078,94.96313,,,,,,,0,1480,41,112,71,38.30007525120622,472,3678.387719539284,6145.5,33.36999933421612,153.4199966713786,222.5049950471148,277.16499354783446,464.49498888198286,,,,0.5749157350708296
NEG385,2014-04-02,near_GLC5441,28.54279,95.00284,,,,,,,0,2037,23,184,53,29.900106340555627,272,4683.048147681454,6963.0,3.977499912492931,69.30249847378582,94.79749782197177,130.66749702766538,139.1224968265742,,,,0.5965122732088496
NEG386,2010-03-01,near_GLC5476,27.4386,88.81612,,,,,,,0,4305,24,296,52,25.72318590805319,303,30.199767110365393,3513.0,1.4849999593570828,2.754999917000532,2.944999910891056,5.919999811798334,10.14199970010668,,,,0.6058408868937004
NEG387,2008-06-27,near_GLC5476,27.36067,88.62395,,,,,,,0,1744,30,297,46,29.331116336356498,329,24.101297437836852,1508.0,5.419999830424786,33.35999885573983,110.32499700691551,217.88499486353248,341.8214923562482,,,,0.6769254485667469
NEG388,2023-06-26,near_GLC5552,25.12915,94.45689,,,,,,,0,1892,21,349,42,24.523713858481617,251,47.875786492227896,4079.0,11.389999655075371,15.229999577626586,24.50499943457544,106.4699977459386,238.25999536179006,0.32235997915267944,0.32704612612724304,0.9676047294793371,0.6686574159555246
NEG389,2022-04-22,near_GLC5552,25.03319,94.37109,,,,,,,0,1626,18,178,26,15.081927132721729,122,178.63132102895432,5902.0,0.125,51.079999193549156,66.69499893207103,99.75999832618982,121.77599792927504,0.2885066866874695,0.29935839772224426,0.7757682305398435,1.1258487740623817
NEG390,2024-11-24,near_GLC5575,25.75641,94.03155,,,,,,,0,663,14,122,24,12.927879538047488,116,5.5925699566983775,7697.333333333333,0.03499999921768904,5.154999935999513,5.2999999318271875,5.459999927319586,20.59999942779541,0.2927531599998474,0.3244791626930237,-0.5655847128238918,1.2152910446192964
NEG391,2015-02-21,near_GLC5575,25.84108,94.1178,,,,,,,0,1145,10,267,39,19.00374451088744,150,9.285804731816366,5622.0,0.0,0.0800000000745058,0.4899999890476465,12.99499991722405,13.031999915838242,,,-2.301515146158234,0.797946833385754
NEG392,2025-02-10,near_GLC5582,26.12036,91.69184,,,,,,,0,51,1,151,6,1.9881363415103521,11,381.49640962979316,2201.0,0.0,0.0,0.02499999850988388,0.12999999523162842,2.0899999542161822,0.24159476161003113,0.29143184423446655,0.9971572719248245,5.2361572223345485
NEG393,2012-03-25,near_GLC5582,26.20117,91.72483,,,,,,,0,53,2,114,10,3.0292191264804704,15,305.8348909125426,3312.0,0.0,0.0,0.10499999672174454,3.334999930113554,4.132999904453754,,,,3.198447748515856
NEG394,2018-10-14,near_GLC5603,25.55583,94.46652,,,,,,,0,838,27,300,60,24.211735535310098,239,2202.487381903354,8675.0,23.80999941378832,39.25999894738197,45.42999879643321,45.619498796761036,62.169498276896775,0.36458081007003784,0.3691556453704834,2.5323512003796464,0.4977657265993324
NEG395,2021-11-04,near_GLC5603,25.46358,94.57936,,,,,,,0,1349,10,180,37,14.060971028516136,128,2414.6734712820603,8367.0,0.5600000023841858,2.3899999214336276,3.669999881647527,66.43999871704727,99.71499810088426,0.33729419112205505,0.3558026850223541,0.6170620289328674,0.7434244873368767
NEG396,2014-11-15,near_GLC6015,28.03805,96.02547,,,,,,,0,339,3,156,10,3.4535986112965698,27,1802.8306343537201,8686.5,0.0,0.404999990016222,0.404999990016222,3.2044998863711953,25.85949946846813,,,-0.005727765644405913,3.198447748515856
NEG397,2017-02-02,near_GLC6015,27.76613,96.20958,,,,,,,0,240,2,66,9,3.9431038522038895,18,2336.1209472302085,6025.5,0.10999999940395355,1.5249999593943357,21.049999492242932,21.049999492242932,21.349999482743442,0.2356291115283966,0.24201224744319916,-0.7179800616337033,3.5113382799044164
NEG398,2022-02-17,near_GLC6016,24.863,92.32342,,,,,,,0,19,1,246,6,2.00227636696408,10,221.67792433081968,3519.0,0.0,0.0,1.7899999637156725,39.08999883476645,42.45449871290475,0.3229614198207855,0.36840173602104187,-0.36949054987656815,4.723333002258867
NEG399,2016-09-06,near_GLC6016,24.88482,92.4707,,,,,,,0,18,0,0,6,2.1451299295452464,9,613.5565065383873,7084.5,30.484999001026154,51.72999846469611,144.66599674429744,205.11599507462233,299.19099248200655,0.4949965476989746,0.49128538370132446,2.122402818078122,3.9226554000009357
NEG400,2022-11-23,near_GLC6105,28.93959,95.41363,,,,,,,0,3282,50,122,62,40.13057486483505,499,29675.085941636513,7395.666666666667,0.039999998174607754,0.9499999713152647,6.289999818429351,6.619999807327986,175.27849733643234,0.31825950741767883,0.342009961605072,-0.5411366004191365,0.5123103203344896
NEG401,2019-03-24,near_GLC6105,29.04001,95.47697,,,,,,,0,2616,13,96,56,26.842478890628108,216,17768.37485153949,4770.0,11.029999893158674,15.17499981354922,41.499999241903424,101.33999756537378,128.05099677480757,0.33826199173927307,0.35233816504478455,-3.021390596391024,0.5221113925597549
NEG402,2022-06-07,near_GLC6106,26.12005,91.69429,,,,,,,0,54,0,180,6,2.055206529244633,10,135.28770129533444,4891.0,30.534999027848244,44.409998789429665,70.30049810931087,100.52049736957997,562.5554882744327,0.41809362173080444,0.421222984790802,2.657473711609159,4.123749606290671
NEG403,2015-12-31,near_GLC6106,26.13544,91.79125,,,,,,,0,57,1,29,6,1.8907991986508361,8,84.80988486105606,3711.0,0.0,0.0,0.0,0.0,12.963499930687249,0.3132406175136566,0.33203771710395813,-1.2639528929360608,4.784599655840129
NEG404,2022-03-25,near_GLC6107,26.17929,91.74861,,,,,,,0,56,3,100,7,2.4931485148514856,14,48.78974256420017,2949.3333333333335,0.0,0.0,0.0,4.690000057220459,8.95799984689802,0.2473057210445404,0.28114140033721924,-3.7060540289485076,4.455684957242918
NEG405,2015-05-12,near_GLC6107,26.1807,91.68268,,,,,,,0,57,3,260,17,2.922089825847847,22,42.78541710525678,4026.6666666666665,1.6349999755620956,2.1999999657273293,47.00999899767339,123.97599634062499,256.68099293578416,0.28564634919166565,0.30006077885627747,0.8580137392300711,1.7401144081734379
NEG406,2011-01-04,near_GLC6110,26.10163,91.70246,,,,,,,0,106,5,112,28,10.980379058919437,51,321.623705938777,6639.0,0.0,0.03299999888986349,1.2729999693110585,1.2729999693110585,11.87799968663603,,,,1.122946072659206
NEG407,2017-10-29,near_GLC6110,26.29218,91.71166,,,,,,,0,57,2,13,8,2.765076924816023,13,141.52675462826076,7302.0,0.0,0.0,0.0,118.07499809749424,234.23049513436854,0.37219300866127014,0.3559255599975586,0.5125338445981829,3.3084691994182336
NEG408,2020-07-19,near_GLC6143,23.70897,92.88099,,,,,,,0,418,18,194,42,25.209052395848943,229,299.91691660262467,7340.666666666667,3.179999925196171,14.489999778568745,95.6949980231002,205.88999606855214,289.64699420612305,0.36984777450561523,0.39104071259498596,-0.4912149781578936,0.6337203173236534
NEG409,2009-11-23,near_GLC6143,23.74026,92.70487,,,,,,,0,984,12,200,45,16.51338373636522,111,328.22744420556063,5378.0,0.0,0.0,3.014999966137111,3.044999965466559,14.095999686978757,,,,0.691460633906725
NEG410,2013-05-17,near_GLC6513,23.03451,91.68595,,,,,,,0,26,8,106,15,5.158612848209205,33,41.50312950373744,6200.0,23.419999603182077,58.1349989278242,71.00499887391925,414.04999093711376,451.34048987645656,,,,2.1247633730766076
NEG411,2019-08-02,near_GLC6513,22.98246,91.71805,,,,,,,0,20,1,133,7,2.1440708457619064,8,41.876386272034125,5053.0,9.380000077188015,35.74499939382076,44.884999219328165,131.96999778598547,843.1099822763354,0.33446088433265686,0.34042444825172424,-0.45741019086331747,3.98547521313552
NEG412,2009-12-29,near_GLC6200,27.10024,93.62194,,,,,,,0,346,6,331,32,9.53309615729934,67,65.21713788904373,4587.5,0.0,0.0,0.0,0.03999999910593033,3.723999898415059,,,,0.9782176467120023
NEG413,2024-11-18,near_GLC6200,27.08509,93.60675,,,,,,,0,305,3,294,35,8.770127201895118,93,75.17826004096865,4396.666666666667,0.0,0.0,0.0,3.4349999064579606,38.484999055974185,0.2690865397453308,0.2634880840778351,-1.881741235340181,0.8500182807230667
NEG414,2022-05-18,near_GLC6288,26.29062,91.67712,,,,,,,0,55,1,270,9,2.716764835562389,16,1035.215403211995,6939.0,69.0699980771169,181.02999525424093,275.1049932753667,293.2649926887825,426.1994887664914,0.4090939164161682,0.3939216434955597,-0.1604936267282291,2.7858320886003263
NEG415,2025-03-18,near_GLC6288,26.3115,91.69778,,,,,,,0,52,0,0,6,1.9346661543329866,9,1794.6072448201976,3528.5,0.0,0.0,20.819999504834414,20.819999504834414,31.91999921761453,0.2048821896314621,0.26694709062576294,-0.9432576871084652,5.467543105765037
NEG416,2007-12-21,near_GLC6283,26.13175,91.71492,,,,,,,0,145,10,198,35,15.131507748734952,145,615.3204761606187,6405.333333333333,0.0,0.0,0.0,2.449999839067459,3.8174998450558633,,,,0.8917264854581592
NEG417,2016-02-18,near_GLC6283,26.25985,91.67751,,,,,,,0,50,1,160,9,2.7133165999592976,16,506.32342935812005,2674.5,0.0,0.0,0.0,3.394999887794256,17.96299970522523,0.2771005630493164,0.30681541562080383,-0.7568910853290856,3.3378864095941196
NEG418,2020-03-05,near_GLC6286,26.14508,91.67786,,,,,,,0,51,3,250,6,2.1294959143484467,11,173.9909018031963,3663.5,0.05999999865889549,7.939999777823687,7.954499778337777,24.344499349594116,25.95449932012707,0.3108196556568146,0.31630709767341614,-1.32809580865512,4.7998580909703055
NEG419,2009-01-18,near_GLC6286,26.14606,91.78374,,,,,,,0,104,18,182,35,12.37438033365778,91,180.74396507418732,3226.6666666666665,0.0,0.1649999963119626,0.1649999963119626,1.2499999599531293,3.003999916370958,,,,0.8917264854581592
NEG420,2008-11-26,near_GLC6284,26.12669,91.79602,,,,,,,0,60,1,246,5,1.5863076034910166,9,89.2468182958527,4808.0,0.0,0.0,0.0,0.35499999299645424,37.86699920124374,,,,6.410988626744456
NEG421,2015-10-22,near_GLC6284,26.23361,91.73452,,,,,,,0,51,3,34,6,1.9710036754311568,9,255.00806768377075,6999.666666666667,0.0,0.0,0.9549999833106995,39.54499854519963,168.48949612118304,0.3525063395500183,0.37239041924476624,,4.537122203505186
NEG422,2008-03-27,near_GLC6287,26.02755,91.59987,,,,,,,0,89,14,231,36,14.85625920471281,151,1662.2473043968655,5717.333333333333,0.0,7.564999785274267,20.18999960180372,54.96499877888709,134.05699650384486,,,,0.8662087320075671
NEG423,2023-12-26,near_GLC6287,26.19716,91.60529,,,,,,,0,49,1,180,6,1.6093124278829833,10,2008.867080304179,3827.3333333333335,0.0,0.15999999083578587,0.32499998714774847,0.49499998055398464,17.679999604821205,0.30907300114631653,0.3210776746273041,1.3470433288851744,4.8108666140777405
NEG424,2024-05-05,near_GLC6292,25.57658,90.0152,,,,,,,0,37,5,36,22,4.713796711169739,30,36.93060305874487,5305.5,2.394999999552965,3.1350000090897083,3.2750000059604645,4.76500000897795,12.724999808706343,0.0668530985713005,0.14453347027301788,-0.21478543547695672,1.6982117016648248
NEG425,2020-03-13,near_GLC6292,25.70868,90.13148,,,,,,,0,249,4,237,22,9.001749741515457,45,30.922269601921627,5343.666666666667,0.0,0.0,4.379999837838113,5.250499817542732,13.935499588958919,0.22113613784313202,0.28502827882766724,-1.9352055725888526,1.4452522598489235
NEG426,2012-02-07,near_GLC6290,25.59805,91.95282,,,,,,,0,1308,25,108,33,16.024844791121826,127,508.09054018516645,5689.666666666667,0.004999999888241291,0.03999999910593033,0.04099999915342778,0.04099999915342778,4.25599991704803,,,,0.9475905605077413
NEG427,2021-05-30,near_GLC6290,25.4961,91.90637,,,,,,,0,1783,10,69,16,5.124234699683637,30,369.7887726974379,6211.0,0.0,2.9749998971819878,34.3049988951534,107.94999689981341,248.11699440609664,0.314788818359375,0.3238750100135803,3.3496014595526793,1.782840800503715
NEG428,2020-01-28,near_GLC6222,27.11143,93.71428,,,,,,,0,152,4,264,25,8.60960772209439,66,20.219209223829587,5710.0,0.0,0.0,10.319999642670155,12.584999542683363,40.23449898418039,0.24624569714069366,0.25412726402282715,0.4666082589920473,1.2318449303513672
NEG429,2017-10-31,near_GLC6222,27.24317,93.73376,,,,,,,0,458,35,162,50,24.163360010760645,197,29.27413230892445,6621.0,97.86999816447496,99.18499812483788,103.32999800518155,321.4699933305383,380.8014922142029,0.48047930002212524,0.47555920481681824,-1.0800554018158106,0.5015404724458338
NEG430,2007-12-27,near_GLC6293,25.50102,90.16858,,,,,,,0,161,6,99,26,10.935049270612861,102,182.89049223035846,7376.0,0.0,0.0,0.0,0.0,0.07999999821186066,,,,1.2121029133401509
NEG431,2019-05-03,near_GLC6293,25.39786,90.06661,,,,,,,0,133,6,279,27,12.457196227618562,58,97.70797501039293,7318.5,1.8199999630451202,3.4399999231100082,25.38499940931797,28.14999933540821,134.18499705009162,0.16548457741737366,0.18201687932014465,-0.2313854526355854,1.24324843644683
NEG432,2016-10-02,near_GLC7591,25.07457,92.36358,,,,,,,0,141,14,203,34,19.254142447669825,179,27.25991942579094,6851.666666666667,0.760999989695847,0.9109999844804406,104.17599722091109,211.4209946775809,392.2559903198853,0.47502079606056213,0.47671693563461304,2.3119146333972873,0.6978378056234339
NEG433,2012-07-30,near_GLC7591,24.88251,92.36628,,,,,,,0,25,2,270,12,2.205190972420813,13,35.0405486752185,6344.333333333333,23.459999489597976,61.16499854531139,151.8549967892468,278.90999385062605,503.67548906616867,,,,2.662004208874474
NEG434,2022-05-17,near_GLC7031,27.4993,88.73581,,,,,,,0,3785,41,39,56,35.888419169043225,476,9586.838907229861,2665.0,20.049999430775642,32.05499905347824,46.46999879553914,105.29999772273004,209.76199562009424,0.3415965139865875,0.348691463470459,-1.6304642970634031,0.5206214712822009
NEG435,2011-12-16,near_GLC7031,27.52627,88.78499,,,,,,,0,4707,20,208,66,31.78856280395776,349,9458.033752336145,137.5,0.2399999974295497,0.41999999340623617,0.41999999340623617,1.5264999640639871,10.751499748555943,,,,0.5448065416868559
NEG436,2009-01-02,near_GLC6971,26.96507,93.83611,,,,,,,0,86,5,264,9,2.477816735216777,12,1012.6384706285119,4744.0,0.009000000543892384,0.009000000543892384,1.9789999322965741,2.3439999194815755,2.3439999194815755,,,,3.5557939043574724
NEG437,2012-05-11,near_GLC6971,27.17686,93.78558,,,,,,,0,152,2,132,13,2.889933156879457,21,877.1620799164352,5145.333333333333,0.3299999926239252,0.3299999926239252,0.5999999847263098,107.48549760691822,264.33049424830824,,,,2.45549141126334
NEG438,2009-06-20,near_GLC6968,25.54801,92.17501,,,,,,,0,1312,4,84,28,10.255272437720388,93,232.1715816328832,7841.0,1.414999971166253,1.98499995470047,26.744999257847667,83.47999774012715,217.2259945999831,,,,1.122946072659206
NEG439,2018-05-03,near_GLC6968,25.50021,92.24754,,,,,,,0,1300,6,64,16,5.233653474134597,33,676.357630347356,6036.0,22.73499946296215,62.045998480170965,83.62099772226065,90.61099754925817,190.34599544294178,0.3322947323322296,0.3297591507434845,0.2919592951914076,1.7423989874609171
NEG440,2013-11-12,near_GLC6969,25.55467,90.33337,,,,,,,0,737,32,120,42,25.038116362395495,267,28.69539904399388,8928.0,0.0,0.0,0.0,0.8054999885498546,47.16049922158709,,,,0.7402858242480944
NEG441,2021-06-29,near_GLC6969,25.39334,90.2671,,,,,,,0,127,12,200,22,11.583916243250025,127,44.07227543465708,6527.0,25.48499920219183,44.29999875836074,64.68499843217432,100.01999755948782,335.08399257063866,0.42158231139183044,0.43030405044555664,1.0279995336741088,1.1166046494938069
NEG442,2020-02-29,near_GLC6970,25.63049,90.32815,,,,,,,0,670,6,86,18,7.734280679815834,42,50.46698728771426,6703.5,0.0,6.299999907612801,9.404999826103449,9.494999822229147,9.581999820657074,0.17946504056453705,0.2391708791255951,-0.6456773538316662,1.8587261211204278
NEG443,2012-04-16,near_GLC6970,25.59862,90.28094,,,,,,,0,466,8,302,25,8.635048779933141,61,58.827601428538905,5572.5,9.124999772757292,14.214999610558152,138.47999669983983,223.55699491966516,223.68199491966516,,,,1.2620264222578241
NEG444,2008-12-04,near_GLC6963,23.59369,92.85264,,,,,,,0,1011,29,133,59,30.265875446361513,358,185.6525705909894,8538.0,0.0,0.0035000001080334187,0.0035000001080334187,0.0035000001080334187,1.3584999521262944,,,,0.5553949991701417
NEG445,2019-02-02,near_GLC6963,23.63767,92.58978,,,,,,,0,970,38,300,66,36.859751449492954,474,268.54522335255575,8058.5,0.045500002801418304,0.045500002801418304,0.1805000025779009,0.1805000025779009,0.1805000025779009,0.09023973345756531,0.17475025355815887,0.0835229935547801,0.5845519775513272
NEG446,2020-10-14,near_GLC6945,25.1691,93.745,,,,,,,0,732,14,210,41,19.739850293251774,202,9.09074028451227,8991.0,0.0,0.0,7.334999775514007,82.05849822796881,230.49349498283118,0.3507622480392456,0.37600529193878174,0.9777236033799497,0.6626138559675788
NEG447,2012-12-04,near_GLC6945,25.25206,94.10493,,,,,,,0,1169,21,173,41,23.494566023104383,213,39.04590839820207,8071.0,0.0,0.0,0.0,0.0,10.774999801069498,,,,0.7584500378984689
NEG448,2018-06-01,near_GLC6990,25.95578,94.64712,,,,,,,0,1655,31,71,53,30.232652783603307,320,622.2030313110539,5028.333333333333,4.75999990105629,23.999999180436134,39.68499878048897,109.19499736372381,263.19499318115413,0.3629396855831146,0.3698490262031555,1.6136211301666634,0.5276556207166901
NEG449,2009-01-18,near_GLC6990,25.94213,94.59215,,,,,,,0,1577,17,41,40,24.280427239948306,257,807.375053096402,7550.333333333333,0.29499999433755875,1.1549999751150608,2.599999936297536,5.924999886192381,7.355999844148755,,,,0.7776488575672658
NEG450,2022-04-02,near_GLC7214,27.22774,93.04816,,,,,,,0,787,16,251,36,14.950729251914217,156,114.8125310799287,6911.0,8.039499916136265,46.93949905782938,68.40949853509665,72.27449845522642,74.96949850022793,0.39094603061676025,0.38585686683654785,-1.4962590177292245,0.7149055389826665
NEG451,2014-11-12,near_GLC7214,27.30198,93.08994,,,,,,,0,872,29,111,42,27.453672582235356,305,219.85311304768356,8853.5,0.054999999701976776,0.2349999975413084,0.35499999672174454,2.367499953135848,25.25249940622598,,,8.35211366503625,0.7402858242480944
NEG452,2011-03-04,near_GLC7263,25.46541,93.98637,,,,,,,0,1818,38,191,58,36.69672513687949,463,118.58762862729066,5955.0,0.0,0.06100000441074371,3.0209998432546854,4.160999809391797,7.060999699868262,,,,0.5604232393816504
NEG453,2021-09-30,near_GLC7263,25.43088,94.08541,,,,,,,0,1871,14,350,33,15.310659713524462,120,120.7209914633797,7795.0,11.804999710060656,21.589999455027282,35.254999071359634,104.90999739896506,165.5449960688129,0.34985774755477905,0.35537633299827576,1.204748294597052,0.8202284054756177
NEG454,2018-05-15,near_GLC7264,25.48508,93.98783,,,,,,,0,1590,36,251,51,28.286602021305644,244,110.96047409327522,5532.0,0.5999999828636646,15.039999675005674,131.34999798517674,201.96849622298032,258.83849444333464,0.30545875430107117,0.31270280480384827,-0.49044203769087513,0.5727093859750114
NEG455,2023-08-26,near_GLC7264,25.59968,93.89516,,,,,,,0,1542,26,227,36,22.013724330839388,179,99.44294301335165,5180.5,16.854999696835876,28.04499940481037,78.83499841485173,115.42499740235507,247.1189938224852,0.361045241355896,0.36713606119155884,-0.29465458647039533,0.7421679258702532
NEG456,2022-08-10,near_GLC7253,24.81479,93.03751,,,,,,,0,85,10,122,40,12.333463026114018,68,1198.7785682909177,6540.0,0.0,3.6049998998641968,29.17499911878258,76.63649789150804,186.69649489689618,0.47072458267211914,0.4992932379245758,0.519339012167694,0.600020928198944
NEG457,2018-06-11,near_GLC7253,24.69823,93.1087,,,,,,,0,108,8,280,29,9.352930396637227,66,786.4483873629662,7965.0,9.739999793469906,14.139999716542661,103.72499874886125,193.11249702516943,244.30749555304646,0.29998356103897095,0.2855115830898285,0.055910920043300116,0.9933787262415399
NEG458,2016-10-31,near_GLC7265,25.36705,94.07043,,,,,,,0,1209,23,295,38,21.19869903509872,233,39.31955600470703,6080.5,0.08499999716877937,14.014999827370048,27.894999468699098,27.894999468699098,82.87149786017835,0.3715791702270508,0.38153600692749023,,0.6951356341893363
NEG459,2016-10-02,near_GLC7265,25.44248,94.0391,,,,,,,0,1433,31,135,62,29.856131162472966,361,31.51493265893754,7728.333333333333,4.132999911904335,8.672999806702137,31.672999061644077,134.6079968381673,210.13299530930817,0.38247624039649963,0.4047068953514099,-0.3983407442374771,0.4896917663689777
NEG460,2013-11-02,near_GLC7266,25.51536,93.91333,,,,,,,0,1902,32,173,48,23.89277627971009,268,42.22612040901329,9006.666666666666,2.8569999216124415,10.806999663822353,28.56699919141829,60.64699836075306,125.2469970844686,,,,0.6502529605228045
NEG461,2018-03-18,near_GLC7266,25.56249,93.79286,,,,,,,0,1588,16,133,38,16.823782984531395,171,48.96747918281606,6792.5,4.804999966174364,14.124999799765646,16.339999767020345,17.23499975539744,39.43699905835092,0.2919389307498932,0.3041533827781677,-1.26780356639512,0.7626606956267126
NEG462,2015-05-10,near_GLC7279,25.02708,93.55439,,,,,,,0,859,26,51,48,26.792428690556427,326,206.48696539877096,6345.0,0.11499999463558197,7.394999811425805,16.659999640658498,64.22399872541428,155.2439966807142,0.22010889649391174,0.2114069163799286,-0.20965870145918863,0.6531702972253275
NEG463,2007-04-24,near_GLC7279,25.01614,93.56673,,,,,,,0,1008,26,356,48,23.71884604398744,268,319.57149735948775,6132.333333333333,8.50499986577779,44.04999916534871,49.514999019913375,160.30999644845724,231.55549462512136,,,,0.6502529605228045
NEG464,2024-10-07,near_GLC7276,26.1674,91.7294,,,,,,,0,56,1,0,30,3.043974199388933,31,563.4835365377816,3364.0,2.95999988168478,96.23999771475792,169.68999590165913,290.11999330017716,322.5499926703051,0.3972838521003723,0.3964587152004242,0.7170545151868684,0.8480376166372705
NEG465,2022-02-16,near_GLC7276,26.15125,92.01617,,,,,,,0,61,2,132,29,4.978451544268271,53,550.2637078601988,4536.5,0.0,0.0,0.5249999761581421,44.62449877336621,55.68449851498008,0.21162492036819458,0.24394740164279938,-1.4004138587789212,1.0989727455054255
NEG466,2024-05-03,near_GLC7364,24.85818,94.2361,,,,,,,0,1225,31,214,45,30.07402789058837,339,11.757686660272732,6863.0,35.174999140203,53.349998923018575,54.66999888047576,89.78499813843518,108.81499797012657,0.17144499719142914,0.20611721277236938,0.043259196524014776,0.7269372600792489
NEG467,2025-03-29,near_GLC7364,24.80679,94.18792,,,,,,,0,1069,32,269,43,27.779165045432688,281,14.475615653378815,6474.333333333333,0.0,0.0,0.0800000000745058,8.949999885633588,46.74499887507409,0.0912618488073349,0.19002538919448853,-1.7851873301568366,0.8181029166738056
NEG468,2015-12-15,near_GLC7372,25.14114,94.46033,,,,,,,0,1935,18,227,30,14.25662272441932,146,36.430292332419825,6779.5,0.0,0.0,0.2449999935925007,1.5809999535558745,3.875999880838208,0.29718372225761414,0.31997108459472656,-1.3063278698719891,0.9628893445621194
NEG469,2018-03-02,near_GLC7372,24.99885,94.26234,,,,,,,0,1391,13,344,23,12.24342451040881,136,20.71178328524681,5675.5,0.026500001549720764,0.026500001549720764,2.496499938890338,5.371499819681048,5.405499819666147,0.2712046802043915,0.3044869899749756,-0.5292071974722141,1.3027437316249775
NEG470,2009-01-21,near_GLC7370,24.10681,94.02324,,,,,,,0,1382,15,21,46,26.611554839452154,227,1377.1967411006742,8745.0,0.0,0.0,0.0,0.0,0.05049999704351649,,,,0.6769254485667469
NEG471,2009-12-04,near_GLC7370,24.22574,94.13259,,,,,,,0,765,20,121,40,22.400558774834426,227,2785.4346612181357,8651.333333333334,0.0,0.014999999664723873,2.8099999483674765,2.834999947808683,20.739999445155263,,,,0.7776488575672658
NEG472,2020-11-02,near_GLC7385,24.09672,93.84053,,,,,,,0,957,26,352,34,20.69395882007665,179,13667.262316738595,8924.333333333334,25.61649931035936,57.90649860911071,59.97649857215583,200.9414953617379,245.81649450212717,0.39600053429603577,0.41207802295684814,1.0438542483027309,0.750870573002885
NEG473,2021-04-13,near_GLC7385,24.13077,93.99293,,,,,,,0,1201,27,34,43,24.30498820551177,300,4973.134152099751,7413.666666666667,0.0,5.114999981597066,9.899999878369272,17.558999858796597,19.19399987347424,0.16392849385738373,0.2229536473751068,-0.8278661333459922,0.7664824996816346
NEG474,2024-01-27,near_GLC7369,24.32148,94.14742,,,,,,,0,1291,27,340,48,26.09651662415845,280,141.30302473048255,8231.666666666666,0.09999999683350325,1.8899999586865306,1.9449999574571848,1.9449999574571848,1.9449999574571848,0.22295832633972168,0.27916884422302246,1.1984652338602215,0.6514707326464756
NEG475,2011-11-15,near_GLC7369,24.34156,94.36532,,,,,,,0,186,1,90,14,3.40026879867668,18,325.6420237631747,8418.5,0.0,0.08999999612569809,0.08999999612569809,0.09199999622069299,76.25199832650833,,,,2.278369109567298
NEG476,2015-10-06,near_GLC7383,24.01093,94.1705,,,,,,,0,359,25,200,32,19.385496095279777,145,4296.803056555274,8173.0,13.234999664127827,19.344999469816685,22.668999450281262,44.223999057896435,184.61399569455534,0.34328895807266235,0.34929409623146057,2.3917606411926844,0.8528177301767912
NEG477,2022-11-07,near_GLC7383,23.78923,94.19235,,,,,,,0,164,1,245,6,1.9114108051360732,7,4709.236002090634,5381.666666666667,0.0,0.4899999871850014,0.5354999871342443,59.18549855327001,102.41549740539631,0.344248503446579,0.37267351150512695,1.8564702477803259,4.5891683173850275
NEG478,2018-09-01,near_GLC7373,24.81723,94.50464,,,,,,,0,1231,35,109,54,26.686993544842746,316,34.00469140096721,4816.333333333333,0.11499999463558197,49.05499864090234,108.06499741598964,237.494994064793,397.88999027665704,0.38410916924476624,0.4036320149898529,2.5472180713902555,0.511303710949683
NEG479,2008-02-02,near_GLC7373,24.89521,94.49522,,,,,,,0,1488,36,184,52,32.39829577948072,369,46.78312594862183,6939.5,0.007500000298023224,1.5124999806284904,15.00749966967851,32.882499204948545,32.882499204948545,,,,0.6058408868937004
NEG480,2015-10-27,near_GLC7389,24.2696,94.10581,,,,,,,0,1259,24,179,52,27.19844617347232,276,14.088529337315986,7432.5,0.0,0.0,0.16499999538064003,14.139999742619693,154.22999634686857,0.34970852732658386,0.37307363748550415,3.9147493314406336,0.54129802024029
NEG481,2025-01-07,near_GLC7389,24.43648,94.02657,,,,,,,0,946,25,279,33,20.5421028466483,199,6.013491786051635,6454.333333333333,0.0,0.0,0.0,0.009999999776482582,1.5099999569356441,0.11823155730962753,0.21838738024234772,0.08030185594572536,1.0565005738371396
NEG482,2022-05-25,near_GLC7371,23.85424,94.09021,,,,,,,0,527,24,213,37,23.58900445079907,207,6267.726384873997,7659.0,10.094999641180038,26.34499951452017,49.88499868661165,99.90499694086611,209.7429943419993,0.22454297542572021,0.20029187202453613,0.007832840653910544,0.8425417021993129
NEG483,2020-05-02,near_GLC7371,24.04555,94.18413,,,,,,,0,286,19,345,28,14.309469805998505,109,5405.727243269502,6066.5,0.12600000202655792,7.755999818444252,17.80599954817444,100.0709979897365,120.18599727936089,0.1774795949459076,0.17892417311668396,-1.2849614382079455,1.182149661663055
NEG484,2020-07-10,near_GLC7388,24.50064,94.19835,,,,,,,0,1117,21,168,49,29.374611297892134,300,884.6703320409705,4084.5,7.674999933689833,25.12999960128218,137.96499720867723,187.499495848082,379.7694922434166,0.38447055220603943,0.40130096673965454,0.2537153979647897,0.5462317282559257
NEG485,2023-02-02,near_GLC7388,24.56093,94.23158,,,,,,,0,846,14,145,42,25.41294650536091,217,2944.5632199353267,8216.5,1.0279999668709934,1.0279999668709934,1.0279999668709934,1.0279999668709934,1.0279999668709934,0.19341659545898438,0.25029900670051575,-1.0018568988552206,0.763521952844482
NEG486,2024-04-05,near_GLC7374,25.07952,94.35412,,,,,,,0,1802,3,250,24,9.963663769969514,87,111.7115336618314,4380.5,0.0,0.07499999925494194,7.484999728389084,37.289998919703066,45.79999864473939,0.15249332785606384,0.23539571464061737,0.5607040744676244,1.4239766255786892
NEG487,2007-06-20,near_GLC7374,25.15503,94.35707,,,,,,,0,1689,7,216,35,18.04486996610788,172,115.65761641821575,6071.0,0.6100000003352761,39.54499912355095,79.40999839734286,144.8549968516454,170.32449625059962,,,,0.8917264854581592
NEG488,2015-05-13,near_GLC7409,25.69483,94.65847,,,,,,,0,1056,21,104,34,18.959269694835143,180,1533.2919810077037,6400.333333333333,1.2649999186396599,5.349999809637666,31.99999929778278,48.31199889443815,112.46199748292565,0.29626452922821045,0.32013171911239624,-0.2460890470712549,0.8488211043121132
NEG489,2014-04-06,near_GLC7409,25.83734,94.75034,,,,,,,0,756,21,79,37,21.861093459216576,229,1045.9465995413334,6089.5,0.0849999962374568,4.644999925047159,4.906499914824963,13.346499693579972,21.491499464027584,,,,0.8421399415384938
NEG490,2010-02-12,near_GLC7666,25.03828,93.24316,,,,,,,0,285,4,243,37,17.29397449958871,108,10169.0835054645,5553.5,0.009999999776482582,0.4749999735504389,0.4749999735504389,0.4779999735765159,0.5079999729059637,,,,0.8421399415384938
NEG491,2016-01-28,near_GLC7666,25.03027,93.34823,,,,,,,0,242,12,213,34,14.276154355822623,104,16044.353153334532,8570.0,0.0,0.8149999799206853,0.8149999799206853,2.7249999195337296,9.341499840840697,0.20271886885166168,0.22486059367656708,-2.2225787656861833,0.9406921104680583
NEG492,2009-05-17,near_GLC7664,24.667,93.52638,,,,,,,0,695,8,184,32,9.969718842372998,91,45.13110771883564,5941.666666666667,8.349999740719795,9.164999728091061,66.94999830238521,80.71999794244766,161.17999610397965,,,,0.9782176467120023
NEG493,2019-02-08,near_GLC7664,24.7596,93.29766,,,,,,,0,387,18,106,39,17.38391875801428,157,49.22668555451743,8439.0,0.0,0.0,0.02800000086426735,2.597999949939549,2.597999949939549,0.18593043088912964,0.25637128949165344,-0.8120307008116976,0.8299071944817877
NEG494,2015-04-05,near_GLC7665,24.74585,93.42811,,,,,,,0,637,26,48,59,30.107555077176734,325,250.7606203432317,6913.5,8.98999972641468,49.129998832941055,91.12949823681265,98.73949800804257,98.74949800781906,0.2373628169298172,0.21205246448516846,11.011265552561824,0.5504742248864243
NEG495,2011-05-04,near_GLC7665,24.64112,93.66083,,,,,,,0,891,27,162,36,25.38120451550052,285,170.73979283679478,6487.0,28.364999623969197,44.49299925472587,61.75299884099513,96.13799810223281,115.667997892946,,,,0.8662087320075671
NEG496,2010-12-27,near_GLC7660,25.75513,94.01583,,,,,,,0,844,15,124,29,13.494952477203814,142,24.331830997659655,6731.333333333333,0.0,0.0,0.3249999927356839,8.890000046230853,38.143999616615474,,,,1.0829887013239492
NEG497,2020-03-21,near_GLC7660,25.69101,94.12042,,,,,,,0,1394,12,340,27,16.843726922596254,143,69.92411219972578,4600.0,0.0,0.0,1.1899999547749758,8.334999750368297,18.87899955548346,0.2713271379470825,0.3135148882865906,-1.9680824558213281,1.1056426419346455
NEG498,2010-02-05,near_GLC7887,28.0256,96.9652,,,,,,,0,1416,48,116,60,42.60701168614358,608,299.97610232565523,7508.333333333333,0.0,0.0,0.3829999892041087,1.5179999703541398,3.147999937646091,,,,0.5511492644857678
NEG499,2007-11-09,near_GLC7887,27.9128,96.79275,,,,,,,0,853,23,73,52,25.10750771493188,276,272.9144123766639,8152.333333333333,0.004999999888241291,2.6149999126791954,3.6199998930096626,4.234499867074192,76.0194982662797,,,,0.6058408868937004
NEG500,2020-01-22,near_GLC7335,25.4257,90.17168,,,,,,,0,157,13,28,27,10.893263800327926,68,83.35103892806777,7350.0,0.0,0.1749999951571226,0.1749999951571226,0.5899999914690852,11.747999721206725,0.20602405071258545,0.2689202129840851,-0.13793806917646023,1.1905431125773522
NEG501,2020-05-07,near_GLC7335,25.75607,89.97933,,,,,,,0,22,4,270,12,2.8586839266450905,16,110.81804029214084,5824.0,0.17499999701976776,95.69499761145562,117.0554970195517,203.18049541302025,335.6954924305901,0.23928922414779663,0.2547004222869873,2.7519808504310124,2.6174717784706063
NEG502,2009-11-28,near_GLC7334,28.04171,94.66878,,,,,,,0,1211,16,248,43,26.592982495187005,193,756.8054690722324,8564.0,0.0,0.03999999910593033,0.07999999821186066,19.039999498054385,33.17749927844852,,,,0.7230989553986906
NEG503,2011-04-06,near_GLC7334,28.06277,94.73056,,,,,,,0,525,16,195,29,14.104848579248351,127,1055.8699296917603,6713.5,0.6799999885261059,5.484999839216471,19.01199956610799,63.66699838452041,233.2169943759218,,,,1.0829887013239492
NEG504,2025-02-23,near_GLC7701,25.69497,94.0458,,,,,,,0,994,14,113,28,15.452318460192478,157,30.505307768157927,4550.0,0.8999999891966581,2.4949999786913395,7.764999856241047,9.40999981481582,16.219999625347555,0.24865156412124634,0.285666286945343,-2.334374725457371,1.0934796259835404
NEG505,2021-06-29,near_GLC7701,25.68528,94.02781,,,,,,,0,1452,25,204,35,23.301062318922906,250,24.768282202447097,1934.6666666666667,1.6299999952316284,17.404999423772097,49.14999846741557,87.53999735787511,205.2294947654009,0.32452115416526794,0.33006906509399414,-0.9956347769339553,0.7975741954990154
NEG506,2017-07-08,near_GLC7699,25.97446,94.50386,,,,,,,0,1873,11,310,37,15.221188284898222,92,325.5093425736522,5341.0,14.989999501034617,29.32499912008643,87.0289977286011,191.85899547766894,419.1039897836745,0.3976258933544159,0.4164527654647827,1.500211475475881,0.6903881607992834
NEG507,2017-08-15,near_GLC7699,25.90346,94.45598,,,,,,,0,1497,35,281,49,33.00851831267085,384,277.11211654490427,6399.333333333333,3.239999869838357,30.12499942816794,115.39999758638442,214.8479959340766,371.14299176540226,0.4012908339500427,0.41905149817466736,7.198719951474181,0.5365458593833765
NEG508,2021-02-20,near_GLC7589,25.00962,92.5025,,,,,,,0,28,1,48,7,2.249023147407627,8,41.12038054488209,3851.0,0.11999999638646841,0.7049999786540866,0.7049999786540866,1.1099999705329537,1.1119999706279486,0.38299328088760376,0.4152446985244751,-3.121698937322991,3.7236386804038806
NEG509,2019-06-04,near_GLC7589,25.51206,92.22382,,,,,,,0,1296,6,265,21,7.752341074334093,36,21.04451667311486,5001.0,46.27999885380268,50.526998775079846,106.54699733946472,191.72199529409409,309.8469920102507,0.3560299873352051,0.3512571454048157,0.1516926147894715,1.2829318740729012
NEG510,2020-11-22,near_GLC7590,25.18468,92.37886,,,,,,,0,580,7,90,23,6.989673193664707,64,276.4057226334233,7869.333333333333,0.0,0.0,0.0,0.0,74.50199819263071,0.4179311692714691,0.44395700097084045,0.17738793439588374,1.0737630404138119
NEG511,2015-07-08,near_GLC7590,25.04473,92.41747,,,,,,,0,200,32,150,45,23.641744334795316,187,132.23797242632747,6297.5,1.0299999676644802,21.244999340735376,42.89499860536307,96.01999729778618,746.5299829738215,0.46246466040611267,0.4540286362171173,3.8069540738978995,0.5424131038869822
NEG512,2012-05-13,near_GLC7706,25.01674,92.48287,,,,,,,0,31,2,140,21,4.391376867888317,43,59.62427024724593,6501.666666666667,51.194998160004616,59.87999787647277,59.904997874982655,136.09199587628245,462.49198865890503,,,,1.509050084785813
NEG513,2014-12-01,near_GLC7706,25.01007,92.25597,,,,,,,0,20,1,228,6,1.997589287754496,12,73.06395291524842,6504.0,0.0,0.0,0.0,0.0,0.0005000000237487257,,,-1.7356612908745994,5.3407479216104505
NEG514,2017-07-03,near_GLC7336,24.94318,90.83107,,,,,,,0,9,1,270,7,2.198925345832856,9,23.788369463994144,3490.3333333333335,16.44999933708459,80.21799784526229,111.69799706246704,328.5829916149378,596.797984530218,0.3950050473213196,0.3821556270122528,-5.153844733942846,3.658834147798003
NEG515,2018-01-17,near_GLC7727,25.52503,93.97816,,,,,,,0,1540,30,118,36,24.50474435115026,278,72.49189601134985,8181.0,0.03499999921768904,1.5649999873712659,7.229999848641455,13.02499966043979,24.910499347373843,0.3149186968803406,0.32784438133239746,0.07160664217958335,0.7842243308135828
NEG516,2007-07-07,near_GLC7727,25.761,93.95572,,,,,,,0,939,10,108,31,18.56611208903527,206,110.26054440492652,8662.0,4.3599998615682125,6.4149998016655445,21.8614994995296,190.08149639051408,358.55649236403406,,,,1.0108602112162877
NEG517,2018-06-24,near_GLC7728,26.13946,91.78662,,,,,,,0,56,2,270,5,1.7022150788350732,7,37.484333583425915,3272.0,22.694999508559704,23.45999950915575,51.90999906230718,286.0349936336279,348.75799192953855,0.3492875099182129,0.34864404797554016,0.3812798638549584,5.469927205169544
NEG518,2014-04-03,near_GLC7728,26.11112,91.83979,,,,,,,0,138,2,56,27,10.759795319982345,54,27.136719204435636,3690.0,0.0,0.09049999993294477,1.7554999915882945,14.93549957871437,16.62549954932183,,,,1.1658725021419152
NEG519,2016-10-29,near_GLC7780,23.37135,92.63962,,,,,,,0,801,37,2,49,30.306312353880692,295,727.9503871932982,8876.5,7.004999845288694,17.104999511502683,18.364999475888908,18.364999475888908,217.63999544549733,0.33315417170524597,0.3476945161819458,4.609203813257759,0.5757819902615984
NEG520,2009-11-26,near_GLC7780,23.32139,92.81985,,,,,,,0,974,27,262,65,30.51078536941192,299,1318.696087469445,8827.0,0.0,0.0,0.029999999329447746,9.10999978799373,23.632999408058822,,,,0.5432490813184894
NEG521,2007-12-31,near_GLC7778,23.84282,93.05141,,,,,,,0,1065,24,238,42,26.3377226866532,290,16.23576494782884,7860.0,0.0,0.0,0.0,0.0,3.3474999617319554,,,,0.7402858242480944
NEG522,2019-09-08,near_GLC7778,23.66749,92.97442,,,,,,,0,1050,33,326,50,28.843399233220936,330,18.91690595542233,8501.0,9.924999837763608,57.204998704604805,79.2849987084046,131.46499727014452,261.4899939764291,0.37707602977752686,0.3926376700401306,-2.627033195505721,0.5420750919377819
NEG523,2008-05-03,near_GLC7836,24.03091,92.50874,,,,,,,0,697,31,48,55,25.725366224433383,300,20.111542926093534,6586.5,0.0,0.44050000980496407,0.6555000031366944,0.7105000028386712,52.89549865294248,,,,0.5799475888331223
NEG524,2007-06-25,near_GLC7836,23.91164,92.92401,,,,,,,0,1055,10,103,36,17.864828730810014,136,10.016139495883234,5265.0,9.014999851584435,33.97499902546406,46.469998901709914,309.57999253552407,353.749992236495,,,,0.8662087320075671
NEG525,2022-03-08,near_GLC7933,26.13595,91.73477,,,,,,,0,49,0,0,33,2.3002195762404916,34,208.72974907434076,2960.3333333333335,0.0,0.0,0.0430000014603138,4.327999788336456,6.042999746277928,0.2847449481487274,0.31725871562957764,0.6958487864672782,0.8866472430322598
NEG526,2008-02-08,near_GLC7933,26.10788,91.64833,,,,,,,0,104,24,350,35,16.702216787808798,170,253.18884496787402,6529.333333333333,0.0,0.0,0.008500000461935997,15.178499669767916,40.298499116674066,,,,0.8917264854581592
NEG527,2011-08-30,near_GLC7923,26.47919,91.80955,,,,,,,0,56,1,90,6,2.113256519923713,9,1813.353068746146,5885.0,0.0,5.214999824762344,59.37999852746725,165.7399959396571,382.0104915769771,,,,5.3407479216104505
NEG528,2019-06-15,near_GLC7923,26.61937,91.6058,,,,,,,0,68,1,270,6,1.956622214206,10,600.5320333154365,5192.0,17.80999968200922,18.289999667555094,28.639999337494373,60.68349845055491,198.44349492527544,0.3428801894187927,0.35258594155311584,-0.0650210465860468,4.597792299118437
NEG529,2015-03-07,near_GLC7956,25.97707,91.85924,,,,,,,0,318,15,101,34,16.198744177084627,119,49.84936518834672,5560.333333333333,0.0,0.08999999798834324,0.6069999858736992,22.836999629624188,30.65199943818152,,,3.0043213809508638,0.9188098560839355
NEG530,2023-09-08,near_GLC7956,26.16716,91.7683,,,,,,,0,54,0,180,10,2.1871222581886514,12,84.54001929936314,3066.0,15.074999675154686,15.074999675154686,15.154999673366547,93.44999787397683,256.284993824549,0.3931870460510254,0.401353120803833,0.449639297046593,2.5665947698558735
NEG531,2007-08-12,near_GLC8012,26.00888,91.86599,,,,,,,0,239,25,297,43,23.662712306106027,250,93.35247485906449,5990.5,6.634999796748161,12.399999603629112,25.519999121315777,123.12699690181762,664.3669853629544,,,,0.7230989553986906
NEG532,2021-03-04,near_GLC8012,26.1166,91.79891,,,,,,,0,62,1,90,9,1.6892441103551337,13,68.0582047509324,2907.5,0.0,0.4100000038743019,0.5300000011920929,0.7849999917671084,3.599999920465052,0.267024427652359,0.310222327709198,-1.6732148131552262,3.3800292443878432
NEG533,2023-04-24,near_GLC8224,23.64124,92.72246,,,,,,,0,734,32,247,47,28.510278323132006,268,140.5638083722508,7294.333333333333,17.304999828338623,32.18999936617911,38.78999898675829,41.384998955763876,80.72749785147607,0.2307942658662796,0.22728121280670166,0.12341384022656143,0.6596199779792847
NEG534,2018-11-09,near_GLC8224,23.87507,92.63936,,,,,,,0,165,16,84,44,20.332672262706385,126,245.74036094521807,8448.333333333334,0.0,8.794999910518527,15.619999798946083,64.1059985132888,127.77599720470607,0.32406720519065857,0.34292072057724,0.020816316062441054,0.6388816466472402
NEG535,2022-06-09,near_GLC8223,23.84245,92.64044,,,,,,,0,379,3,48,15,5.489350415720099,45,153.75962912651863,6430.5,0.0,0.0,39.754998944699764,86.65849770512432,354.2034927671775,0.29928404092788696,0.33249494433403015,-0.13184628510130292,1.9411157408149953
NEG536,2021-08-09,near_GLC8223,23.87301,92.83616,,,,,,,0,270,26,245,43,28.04036386275594,295,45.05544618304717,8309.5,0.26999998092651367,88.50499869510531,167.98499734792858,270.3704943591729,538.0954866912216,0.3949693739414215,0.4184335768222809,-0.27144121175125413,0.6023573145439157
NEG537,2007-06-10,near_GLC8339,26.10063,91.65835,,,,,,,0,222,14,61,31,14.13212696327667,116,1094.7908619766586,7729.0,126.89999636914581,222.74999479856342,272.3949936321005,312.9729928439483,432.70799026824534,,,,1.0108602112162877
NEG538,2022-11-24,near_GLC8339,26.09986,91.69388,,,,,,,0,112,8,356,35,12.565130260521045,99,410.65023210568705,8297.666666666666,0.0,0.0,0.0,0.0,0.774999987334013,0.36359667778015137,0.37550532817840576,-1.6547012664174794,0.7606066777832912
NEG539,2012-02-03,near_GLC8366,25.46008,91.87028,,,,,,,0,1812,3,48,20,7.665862265224818,58,237.14825016764686,3896.3333333333335,0.0,0.0005000000237487257,0.0005000000237487257,0.060499997751321644,5.385499885247555,,,,1.5861531116283452
NEG540,2013-12-23,near_GLC8366,25.50702,91.78146,,,,,,,0,1753,24,316,42,15.80722315779891,146,382.90402333104083,7385.666666666667,0.0,0.04499999899417162,0.04999999888241291,0.22499999310821295,1.0199999762699008,,,,0.7402858242480944
NEG541,2024-03-15,near_GLC9405,26.82305,95.07313,,,,,,,0,403,20,339,33,17.775444992011526,203,267.30231925189145,5495.5,0.11499999649822712,2.0999999279156327,2.0999999279156327,2.614999918267131,54.52999821212143,0.25136417150497437,0.3068668246269226,-0.11247114145437909,0.92069757417514
NEG542,2016-11-14,near_GLC9405,26.66897,95.00944,,,,,,,0,781,15,88,47,20.492253957523516,172,436.64863162098266,8900.5,0.0,0.0,4.659999959170818,28.654999396763742,51.87499877624214,0.34280726313591003,0.3658027946949005,0.9917951146706852,0.5904262786394692
NEG543,2023-04-09,near_GLC7655,27.55696,91.81078,,,,,,,0,1851,31,40,52,34.042496590883694,343,873.4562671917255,7481.666666666667,0.5699999891221523,1.9249999411404133,6.084999873302877,21.421999355778098,45.621998640708625,0.26356497406959534,0.28845930099487305,0.6486818050113357,0.5858815943559276
NEG544,2009-02-10,near_GLC7655,27.63352,91.85423,,,,,,,0,4012,16,9,42,19.26004736054331,169,423.9974751624877,2099.3333333333335,5.614999881014228,13.274999766610563,23.424999559298158,30.060999407432973,34.6809992948547,,,,0.7402858242480944
NEG545,2023-05-21,near_GLC9404,28.05935,96.45647,,,,,,,0,537,29,163,60,27.395649271169464,342,34.67826608745022,6359.5,9.234999695792794,11.904999658465385,94.80499757640064,113.82499697525054,271.46599384676665,0.37755894660949707,0.39407265186309814,0.008209327411153211,0.49280215858950416
NEG546,2017-01-16,near_GLC9404,28.07404,96.5468,,,,,,,0,641,2,300,32,7.838385973500061,93,77.60462673396266,6646.5,0.0,0.0,0.9499999769032001,1.0729999747127295,1.882999973371625,0.262988418340683,0.3185948133468628,-0.2719346632331394,0.9379455489030077
NEG547,2022-11-01,near_GLC9335,24.42798,92.81373,,,,,,,0,93,4,90,30,11.692074570667643,54,114.09579966956008,8257.0,0.0,0.0,0.0,92.17499813251197,199.86499577667564,0.31974130868911743,0.3509466350078583,0.6366707654757162,0.9370074822354473
NEG548,2007-06-21,near_GLC9335,24.41871,92.79949,,,,,,,0,54,10,106,27,12.888165598952956,65,100.96949580049669,6838.5,0.9849999863654375,1.7799999751150608,135.2349973944947,361.874991890043,466.49999013449997,,,,1.1658725021419152
NEG549,2016-09-24,near_GLC9338,24.48732,92.56193,,,,,,,0,35,4,83,14,4.062849210082491,19,635.6500104960734,6642.0,8.139999859035015,110.14499770104885,144.1649969285354,320.09499267302454,583.6924851797521,0.38122355937957764,0.39226916432380676,0.8483688720927347,1.86330255928647
NEG550,2023-04-16,near_GLC9338,24.3515,92.53461,,,,,,,0,43,2,59,18,4.571975005168968,40,320.9721314047299,5796.0,0.014999999664723873,0.014999999664723873,0.014999999664723873,71.34149843733758,158.45149519387633,0.18361759185791016,0.2524227499961853,0.09455384364639663,1.8502600632574018
NEG551,2011-05-05,near_GLC9334,24.42036,92.81317,,,,,,,0,67,6,270,21,8.666157661484764,66,198.16999610099504,5880.0,4.054999998770654,62.56499867327511,65.1399986287579,91.13999813236296,140.52499732375145,,,,1.509050084785813
NEG552,2008-10-01,near_GLC9334,24.57453,92.83775,,,,,,,0,31,1,200,6,1.7641137353817942,8,168.3547390407937,5100.333333333333,0.0,21.199999425560236,78.28999836649746,185.62499593477696,365.77899266500026,,,,5.3407479216104505
NEG553,2023-05-14,near_GLC9168,27.53926,93.73287,,,,,,,0,1427,1,331,34,15.391666014467642,112,13.360058717188407,3779.3333333333335,0.26999999210238457,2.2949999533593655,4.91999988630414,96.39899699855596,234.40899370517582,0.34000954031944275,0.35869917273521423,0.6237298683220249,0.8058592163199043
NEG554,2024-12-30,near_GLC9168,27.75879,94.04471,,,,,,,0,661,35,164,44,29.596826742836747,357,12.026163977317792,5555.0,2.799999921582639,2.799999921582639,2.799999921582639,2.8849999187514186,4.659999881871045,0.3728027939796448,0.38480228185653687,0.17775761004318635,0.6054504979396709
NEG555,2018-12-03,near_GLC9142,26.28807,94.56307,,,,,,,0,599,13,104,39,17.84507121862988,104,1127.2240532063672,8557.5,0.004999999888241291,0.017500000074505806,0.017500000074505806,0.10749999806284904,19.60749947000295,0.314289927482605,0.335636168718338,-2.13540048273624,0.7249043507188868
NEG556,2022-06-11,near_GLC9142,26.42312,94.44043,,,,,,,0,561,23,170,38,19.261271637139657,172,636.2217495200637,5877.0,62.644997119903564,85.5699963318184,99.36499611008912,140.28299537301064,340.2729893550277,0.381354421377182,0.39056387543678284,-0.5493229526482954,0.6868474316574025
NEG557,2009-12-22,near_GLC8222,26.31559,91.77644,,,,,,,0,76,14,322,25,7.549560952456295,46,1009.814168762864,5447.666666666667,0.0,0.0,0.0,0.0,0.0020000000949949026,,,,1.2620264222578241
NEG558,2011-11-21,near_GLC8222,26.10321,91.74325,,,,,,,0,108,24,150,35,12.762567934782608,90,943.2262237781368,7445.0,0.0,0.0,0.0,0.0,0.10249999724328518,,,,0.8917264854581592
NEG559,2018-10-27,near_GLC8237,27.10202,92.56627,,,,,,,0,966,34,40,53,31.370704554126547,378,284.95682439819785,8439.5,0.0,0.0,0.0,23.089999293908477,62.51399851497263,0.33252257108688354,0.35419580340385437,0.8503537478054959,0.5428392183436344
NEG560,2025-03-31,near_GLC8237,27.13576,92.55569,,,,,,,0,1368,39,130,57,37.55832716174061,442,177.92587727228047,6695.0,0.014999999664723873,0.9999999757856131,0.9999999757856131,6.494999877177179,31.794999353587627,0.26552581787109375,0.2789302170276642,0.2706338656680636,0.5487714553923548
NEG561,2008-09-18,near_GLC8900,24.94357,94.24583,,,,,,,0,1627,13,96,35,16.68136716963877,138,63.455232490875645,5350.0,1.520000010728836,8.829999759793282,13.999999660998583,87.07999774254858,146.3864964209497,,,,0.8917264854581592
NEG562,2011-01-03,near_GLC8900,24.89354,94.24242,,,,,,,0,1200,27,127,46,26.343946203725935,315,69.05643062628069,7916.666666666667,0.0,0.009000000543892384,0.009000000543892384,0.009000000543892384,39.15899904258549,,,,0.6769254485667469
NEG563,2007-08-09,near_GLC8684,25.91137,91.35591,,,,,,,0,94,19,345,36,16.468311216967216,136,11393.343992190721,8450.5,4.654999822378159,9.789999623782933,32.719999068416655,305.54399395827204,536.0989890675992,,,,0.8662087320075671
NEG564,2014-11-04,near_GLC8684,25.82504,91.3664,,,,,,,0,388,28,235,41,20.933959052115476,198,11783.40582239849,8646.666666666666,0.0,0.0,0.0,11.014999574050307,27.95499924197793,,,,0.7584500378984689
NEG565,2023-09-08,near_GLC8901,25.64515,94.03021,,,,,,,0,1658,40,14,60,32.661941570990116,386,132.93243619317985,5112.5,29.1199991106987,35.674998961389065,44.579998516477644,88.45499769318849,239.11499433405697,0.3484177589416504,0.3520176410675049,-0.19844702562488337,0.5039473847501893
NEG566,2009-09-24,near_GLC8901,25.67976,94.11403,,,,,,,0,1546,10,58,24,10.684008998772896,86,99.22751520628746,5494.5,9.229999786242843,46.804999286308885,84.5199984041974,133.60999712813646,180.6254961192608,,,,1.3160975787516667
NEG567,2018-04-04,near_GLC8930,26.25429,94.52084,,,,,,,0,684,10,201,30,15.487449685676815,118,201.2572585178658,6422.5,2.4699999131262302,5.500499922782183,26.880499316379428,32.51049921568483,65.67049825098366,0.2896610200405121,0.3195175230503082,1.1937826437148713,0.971520655527005
NEG568,2009-11-23,near_GLC8930,26.16117,94.41314,,,,,,,0,721,11,314,35,21.427695232491043,195,319.5565311879965,8519.333333333334,0.0,0.0,4.834999972954392,5.014999967999756,11.74149979185313,,,,0.8917264854581592
NEG569,2021-08-12,near_GLC8995,26.26603,91.71841,,,,,,,0,246,3,318,27,12.756668739752362,110,1464.381821874294,4635.0,2.5249999463558197,4.409999880939722,58.374999126419425,138.05249713175,300.2474926523864,0.35608595609664917,0.34431496262550354,-0.17620041086492844,0.9954477972992388
NEG570,2013-01-24,near_GLC8995,26.24852,91.70567,,,,,,,0,51,2,253,6,1.5605649410860074,10,1462.6897662340475,4921.333333333333,0.0,0.0,0.0,0.0,0.0005000000237487257,,,,5.3407479216104505
NEG571,2013-03-21,near_GLC8996,26.22134,91.88229,,,,,,,0,45,3,200,11,1.9184169748792608,11,552.0834134034629,1859.0,0.0,0.0,0.4149999860674143,0.8699999870732427,0.8939999872818589,,,,2.9059179354143505
NEG572,2023-03-06,near_GLC8996,26.15991,91.89429,,,,,,,0,170,18,219,38,18.11188193886443,171,460.1459376897005,5274.0,0.06499999761581421,0.06499999761581421,0.15799999982118607,13.292999637313187,13.292999637313187,0.17867839336395264,0.22278158366680145,-0.023607964764455147,0.8586916065785747
NEG573,2018-11-20,near_GLC9051,26.22107,91.88782,,,,,,,0,45,0,0,43,5.167154927665738,71,434.44121467857127,1775.3333333333333,0.0,0.0,0.0,0.0,0.1119999960064888,0.2363048642873764,0.27128177881240845,-1.844763158216196,0.7150682859195596
NEG574,2007-12-05,near_GLC9051,26.20535,91.87256,,,,,,,0,109,12,355,52,17.116817302580216,182,520.0206240121239,7786.0,0.0,0.03999999910593033,1.178999989759177,1.178999989759177,74.75899872696027,,,,0.6058408868937004
NEG575,2025-03-04,near_GLC9124,25.32248,90.47248,,,,,,,0,76,13,36,33,12.729276353276349,117,1864.200404756416,6624.0,0.0,0.0,0.014999999664723873,4.47499983292073,4.47499983292073,0.10566364228725433,0.2295970916748047,-2.2458020397415464,1.0693205771838104
NEG576,2008-12-15,near_GLC9124,25.0865,90.5376,,,,,,,0,15,3,190,8,2.237528687729073,12,1593.459900856443,5406.5,0.0,0.0,0.0,0.0,0.0,,,,4.002257415604474
NEG577,2025-03-09,near_GLC9186,25.4492,94.11397,,,,,,,0,1706,20,253,44,21.70012978437579,229,117.43570207524941,6846.666666666667,0.0,0.0,0.0,7.819999909028411,10.214999848976731,0.046582311391830444,0.21654197573661804,-0.6753647009946864,0.8292279414023599
NEG578,2023-06-18,near_GLC9186,25.51709,93.98916,,,,,,,0,1451,9,203,47,30.59053568177681,277,51.55683837298157,5743.666666666667,57.814998340792954,86.55999766662717,136.37499652151018,240.84499315079302,302.1059918208048,0.3237380385398865,0.3124498724937439,3.8902879418970144,0.6022058955187901
NEG579,2017-10-20,near_GLC9219,25.95919,94.61268,,,,,,,0,1507,34,87,52,27.231499954656755,306,49.12450449792214,7819.0,3.199999952688813,4.989999930374324,9.344999833963811,56.2249987591058,171.44299641344696,0.3627440631389618,0.3821382224559784,-5.466082530414282,0.5345514819904175
NEG580,2008-09-16,near_GLC9219,25.93033,94.48515,,,,,,,0,1872,5,70,27,10.26325993786707,92,109.74463396038584,7893.0,5.579999912530184,14.644999692216516,28.159999372437596,94.2429978987202,192.63299530558288,,,,1.1658725021419152
NEG581,2015-02-16,near_GLC9251,25.99788,94.85498,,,,,,,0,1040,28,358,41,22.56962010970578,199,254.39933919365313,7488.0,0.0,0.7099999859929085,0.9199999840930104,1.0754999788478017,3.4304999643936753,,,-1.5153815015685774,0.7584500378984689
NEG582,2020-11-14,near_GLC9251,25.9296,94.78048,,,,,,,0,1099,24,60,57,31.30935235481565,331,778.6966637596059,8815.5,0.0,0.0,0.0,64.62999850511551,222.57999494858086,0.3552154004573822,0.3838818669319153,1.546094933603353,0.5101879545526375
NEG583,2016-09-27,near_GLC9232,23.44714,93.35956,,,,,,,0,1229,23,203,46,27.812744349596315,280,1588.3520057559733,8354.0,2.294999912381172,36.059999415650964,108.17999796476215,188.82499663252383,307.79549403116107,0.38942158222198486,0.4075233042240143,0.2903195648366239,0.5717442121798966
NEG584,2019-02-08,near_GLC9232,23.44356,93.32902,,,,,,,0,1376,15,18,35,15.436050479462347,144,892.3285844636591,7995.333333333333,0.0,0.0,0.027000000700354576,0.18200000189244747,0.18200000189244747,0.20982950925827026,0.2734229862689972,-0.5828697300452728,0.9060785742690054
NEG585,2018-09-08,near_GLC9252,27.56721,91.85018,,,,,,,0,2374,25,49,47,23.74499022073204,277,73.24701812414827,8335.5,0.8499999716877937,7.4299996960908175,25.282499354332685,61.49749849829823,251.80249306932092,0.33972203731536865,0.365033358335495,0.6998237512657086,0.592332112721456
NEG586,2007-11-14,near_GLC9252,27.72093,91.89077,,,,,,,0,4502,3,143,14,4.101899808009999,38,113.1793785455265,4679.0,0.004999999888241291,1.5349999610334635,5.86499984189868,22.43699941318482,98.85699726920575,,,,2.278369109567298
NEG587,2015-05-06,near_GLC9464,27.72096,91.89003,,,,,,,0,4500,5,197,14,4.418595825426944,40,179.49183100334895,-215.0,9.29499975591898,10.479999728500843,33.20549920760095,53.9704986801371,94.29049768578261,0.1903001219034195,0.1957252472639084,-4.266173811622533,2.3705623661664412
NEG588,2007-06-11,near_GLC9464,27.59841,91.89639,,,,,,,0,2487,25,226,59,23.831951366694238,208,354.23270817203803,8170.333333333333,4.7449997598305345,111.42499789688736,113.88499785028398,118.7524977857247,209.69749532081187,,,,0.5553949991701417
NEG589,2017-11-06,near_LS1,23.70217,92.71554,,,,,,,0,1008,18,263,54,24.762419330631857,214,259.75685628842825,7001.666666666667,0.0,0.0,32.33799940813333,109.99799727834761,289.97799262590706,0.3489351272583008,0.37537696957588196,-0.4907707568840953,0.5282324879310627
NEG590,2014-04-23,near_LS1,23.73788,92.73537,,,,,,,0,768,19,259,38,19.580684624795158,193,451.1381488686568,4997.5,0.0,0.0,0.0,12.019999807700515,39.187999279238284,,,,0.8194166200326815
NEG591,2018-12-17,near_GLC9620,27.16694,88.39115,,,,,,,0,1603,27,126,51,29.876752585414007,322,102.24190215792387,7857.0,0.0,0.0,0.0,0.17999999225139618,0.2474999912083149,0.1248563602566719,0.11230044066905975,1.5931466342360023,0.6695895750319389
NEG592,2025-02-25,near_GLC9620,27.23103,88.4976,,,,,,,0,354,12,342,46,22.339745961277597,196,46.380464301568985,3515.3333333333335,3.054999953135848,3.239999949000776,18.38999957498163,18.38999957498163,18.38999957498163,0.18490368127822876,0.20877274870872498,-0.3210837873375043,0.7025752466086076
NEG593,2012-10-26,near_GLC9619,27.01987,88.2557,,,,,,,0,2270,21,291,50,25.033766554710574,263,47.522062380666156,7626.5,7.2749998196959496,15.36499972641468,21.019999608397484,30.954999373294413,93.6999982278794,,,,0.6266061999132846
NEG594,2025-03-31,near_GLC9619,27.09029,88.41179,,,,,,,0,322,33,174,53,30.251526580459768,290,37.61617923339451,5876.5,0.0,0.0,0.9599999748170376,18.354999764822423,23.29499963670969,0.08001375943422318,0.19043877720832825,-0.33411982802380624,0.6688864209429111
NEG595,2024-04-12,near_LS2,23.78977,92.57233,,,,,,,0,663,22,240,36,20.064513151822794,171,146.05089599353457,8056.0,0.07499999925494194,0.6999999582767487,2.6049999175593257,62.219998793676496,97.91499794367701,0.08471319824457169,0.1965065747499466,2.419328671630079,0.9941168293929574
NEG596,2011-12-18,near_LS2,23.83151,92.61685,,,,,,,0,418,3,48,18,7.241601217866657,47,274.31003967847755,8205.0,0.0,0.0,0.0,0.0,0.003000000026077032,,,,1.7658912410344465
NEG597,2013-02-04,near_LS3,23.80097,92.61922,,,,,,,0,159,7,108,26,12.020440886386972,108,394.39780469259955,6281.0,0.0,0.005000000353902578,0.02000000001862645,0.02000000001862645,0.02000000001862645,,,,1.2121029133401509
NEG598,2007-12-25,near_LS3,23.89961,92.6682,,,,,,,0,299,20,314,30,18.64024530824919,168,701.2111292178434,8185.666666666667,0.0,0.0,0.0,0.07499999832361937,6.217999893706292,,,,1.0457106679945398
NEG599,2021-02-11,near_LS5,23.606,92.60914,,,,,,,0,630,22,337,42,24.95639014359483,272,1106.0173054702245,7865.0,0.0,0.0,0.0,0.004500000271946192,0.004500000271946192,0.08529918640851974,0.16770963370800018,0.545167469866108,0.8430646765221126
NEG600,2022-04-14,near_LS5,23.76085,92.86262,,,,,,,0,673,10,172,42,24.345937276440594,165,1173.5615161828343,7159.333333333333,0.0,3.655000001192093,16.234999746084213,16.429999738931656,51.174999022856355,0.22028610110282898,0.2492985725402832,-1.2771406417954578,0.7437538721851935
NEG601,2022-04-26,near_LS6,23.84177,92.66666,,,,,,,0,114,11,285,32,16.16439667400907,125,23.47084791161264,6229.333333333333,0.0,0.0,58.55499853286892,73.34499845374376,109.05749771464616,0.19320066273212433,0.252098947763443,0.17030155229555,1.0119286059108914
NEG602,2023-02-09,near_LS6,23.61127,92.71993,,,,,,,0,894,26,63,43,24.20834825606249,213,25.888588029518733,6561.666666666667,0.0,0.0,0.0,0.21950000198557973,0.21950000198557973,0.18458601832389832,0.24355028569698334,0.18504191061152753,0.7518079536605131
NEG603,2017-11-03,near_LS7,23.61532,92.7183,,,,,,,0,867,21,66,44,22.32217781063721,154,48.204396242213065,7862.333333333333,0.0,0.014500000514090061,106.48949818965048,217.5144956605509,303.76949362363666,0.357745885848999,0.3848118185997009,1.124131403386314,0.6157790842417941
NEG604,2008-04-29,near_LS7,23.83977,92.66258,,,,,,,0,86,14,174,28,11.807296592770307,84,38.213188652350176,5073.333333333333,0.0,0.05999999865889549,0.05999999865889549,0.1549999974668026,91.06299754511565,,,,1.122946072659206
NEG605,2009-12-09,near_LS8,23.84349,92.6675,,,,,,,0,141,12,234,34,17.217092972299742,136,86.7412304931557,8037.333333333333,0.0,0.0,0.0,0.002500000176951289,5.377499991795048,,,,0.9188098560839355
NEG606,2015-10-23,near_LS8,23.84587,92.64916,,,,,,,0,301,22,23,34,17.55403582013816,147,109.7176470106815,8760.333333333334,0.0,0.0,0.0,51.69499915558845,254.14899315219373,0.335779070854187,0.3630645275115967,,0.8100139519294516
NEG607,2014-03-03,near_LS9,23.74157,92.7517,,,,,,,0,810,23,93,40,21.732761605761898,231,286.7304529422465,4800.5,0.0,0.016499999910593033,0.016499999910593033,9.29149973206222,9.306999732740223,,,,0.7776488575672658
NEG608,2015-05-10,near_LS9,23.76323,92.73026,,,,,,,0,949,25,299,56,29.24147760057239,353,275.5161807440024,5642.0,0.0,121.07999828085303,126.15499816834927,156.53999720793217,307.63499289471656,0.29391375184059143,0.313219279050827,5.925007026176529,0.5419269407392076
NEG609,2012-07-27,near_LS10,23.76879,92.85566,,,,,,,0,837,35,137,46,27.67520193861065,233,342.89715149727806,5641.0,66.71999798715115,97.90499733388424,133.1049962695688,193.71499482356012,265.429993217811,,,,0.6769254485667469
NEG610,2019-04-13,near_LS10,23.60763,92.6056,,,,,,,0,721,21,91,40,24.940063310150425,287,770.0676269666336,7341.0,0.0,0.019999999552965164,41.684998493641615,134.0524968970567,164.92749583069235,0.15379391610622406,0.19568781554698944,-5.174042350300559,0.8338630319693923
NEG611,2008-09-08,near_LS11,23.82115,92.6528,,,,,,,0,72,12,155,40,17.43836722453546,184,522.5839517341775,6961.0,5.759999880567193,7.794999822974205,18.57299953699112,121.12799682747573,426.34298927988857,,,,0.7776488575672658
NEG612,2021-01-24,near_LS11,23.65146,92.59016,,,,,,,0,1298,22,261,50,30.65297990297989,308,243.0554638588318,8493.0,0.0,0.0,0.029999999329447746,0.029999999329447746,0.03199999942444265,0.1254899650812149,0.1868762969970703,-1.6665452091772832,0.6819186217240814
NEG613,2022-01-09,near_LS12,23.74089,92.75542,,,,,,,0,701,23,128,40,23.930383399118256,226,565.5993296322604,7803.333333333333,0.0,0.0,0.0,0.04600000008940697,0.3059999905526638,0.25098717212677,0.29893648624420166,0.25316714870086887,0.7571330905671934
NEG614,2025-05-01,near_LS12,23.65293,92.86849,,,,,,,0,689,16,55,43,26.53823145592499,282,711.0456364342015,7062.666666666667,1.0549999680370092,20.434999575838447,20.48499957472086,74.39999856520444,110.49499757494777,0.1806005984544754,0.19377446174621582,-1.6584648282810548,0.7546390880194311
NEG615,2017-03-31,near_LS13,23.63761,92.59789,,,,,,,0,1211,25,163,44,25.548540605472596,276,12.103825509344519,6969.0,51.214999075978994,57.4799990337342,59.13999900966883,75.04499840643257,162.25949605274945,0.155708447098732,0.18854548037052155,-0.6311544216395673,0.7543706931090086
NEG616,2018-09-17,near_LS13,24.09511,92.41199,,,,,,,0,205,15,184,34,19.516930620137195,167,17.54785252150557,8731.666666666666,28.93999969959259,38.79499945510179,47.44999927189201,99.53999732714146,245.84849436488003,0.3466923236846924,0.3565818965435028,2.4516582047079143,0.799296068128782
NEG617,2017-04-30,near_LS14,23.85999,92.74611,,,,,,,0,1161,32,72,43,29.885732075732776,350,432.191111559994,7194.666666666667,0.2549999952316284,14.31999957561493,93.87999829649925,277.7349947169423,347.6119924457744,0.2748895585536957,0.33089882135391235,0.17507871396524166,0.6876587639006057
NEG618,2018-08-08,near_LS14,23.79762,92.82934,,,,,,,0,539,13,235,33,15.659326335217438,116,567.6920310780688,6641.5,0.0,20.72999948170036,39.97849903721362,142.80349693074822,321.75849260017276,0.3593047559261322,0.37703123688697815,0.22048687235794429,0.8105919081949491
NEG619,2008-02-06,near_LS15,23.82701,92.67829,,,,,,,0,443,24,324,45,21.980957763373404,181,1380.1753198834442,7271.666666666667,0.0,0.0,2.7824998516589403,49.00249881390482,49.017498813569546,,,,0.691460633906725
NEG620,2008-11-18,near_LS15,23.76099,92.66984,,,,,,,0,738,9,252,27,15.83771246581508,161,1017.5843645926685,8519.0,0.0,0.0,0.004999999888241291,0.4849999826401472,197.71399565506727,,,,1.1658725021419152
NEG621,2020-07-28,near_LS16,23.67253,92.72167,,,,,,,0,1015,44,17,59,36.448258740935735,370,140.45852659922664,6214.0,17.314999658614397,20.274999652057886,49.93999900948256,137.6749967103824,309.8669939953834,0.35204723477363586,0.3699568808078766,0.2626335508160036,0.5048263650764262
NEG622,2010-12-03,near_LS16,23.71963,92.85934,,,,,,,0,838,23,255,36,18.292814682287755,137,117.13834907713775,8210.5,0.0,0.026500001549720764,0.026500001549720764,3.2864999882876873,3.331499987281859,,,,0.8662087320075671
NEG623,2015-05-03,near_LS17,24.05652,92.47574,,,,,,,0,79,7,164,43,16.932221927996597,122,2913.16505767984,6789.0,6.154999908991158,48.38349911291152,93.59849786479026,255.93849453236908,371.90849029365927,0.3098519444465637,0.32081738114356995,2.7380440302233495,0.6628224316660845
NEG624,2020-10-19,near_LS17,23.94572,92.6354,,,,,,,0,129,15,242,22,13.571016997983289,131,2664.7947550136823,8791.0,1.6949999425560236,14.704999664798379,32.7449995521456,132.5299974149093,335.20849273726344,0.339739054441452,0.3598630130290985,1.410046164594716,1.2507932465831242
NEG625,2019-01-31,near_LS18,23.75117,92.68106,,,,,,,0,765,37,61,43,25.160909458133776,294,180.173714763699,6959.5,0.0,0.0,0.0,0.0,0.001500000013038516,0.209490567445755,0.2650965452194214,0.2506709835177743,0.7341164363242331
NEG626,2020-06-29,near_LS18,23.86658,92.83808,,,,,,,0,422,22,263,44,28.520448754165294,313,236.87797220376058,7017.666666666667,0.7799999713897705,14.979999630711973,17.109999581240118,81.65499834064394,387.4204901782796,0.3658559322357178,0.38468462228775024,5.920603176171063,0.6102158362434247
NEG627,2019-10-13,near_LS19,23.82431,92.66478,,,,,,,0,220,13,264,25,15.295746865230878,142,127.28393482026225,8397.5,0.0,26.589999473653734,144.87499696109444,193.69849537312984,372.27849111985415,0.3644537925720215,0.3880729675292969,0.9611238485407672,1.0639193192541059
NEG628,2015-12-28,near_LS19,23.65613,92.85456,,,,,,,0,897,36,277,48,27.88022264822043,332,210.77225451503776,8109.5,0.0,0.0,0.0,0.029999999329447746,0.6184999835677445,0.3027518689632416,0.32532548904418945,2.467840967570556,0.6038772539498632
